Date,Open,High,Low,Close
4/1/2021,3992.78,4020.63,3992.78,4019.87
3/31/2021,3967.25,3994.41,3966.98,3972.89
3/30/2021,3963.34,3968.01,3944.35,3958.55
3/29/2021,3969.31,3981.83,3943.25,3971.09
3/26/2021,3917.12,3978.19,3917.12,3974.54
3/25/2021,3879.34,3919.54,3853.5,3909.52
3/24/2021,3919.93,3942.08,3889.07,3889.14
3/23/2021,3937.6,3949.13,3901.57,3910.52
3/22/2021,3916.48,3955.31,3914.16,3940.59
3/19/2021,3913.14,3930.12,3886.75,3913.1
3/18/2021,3953.5,3969.62,3910.86,3915.46
3/17/2021,3949.57,3983.87,3935.74,3974.12
3/16/2021,3973.59,3981.04,3953.44,3962.71
3/15/2021,3942.96,3970.08,3923.54,3968.94
3/12/2021,3924.52,3944.99,3915.21,3943.34
3/11/2021,3915.54,3960.27,3915.54,3939.34
3/10/2021,3891.99,3917.35,3885.73,3898.81
3/9/2021,3851.93,3903.76,3851.93,3875.44
3/8/2021,3844.39,3881.06,3819.25,3821.35
3/5/2021,3793.58,3851.69,3730.19,3841.94
3/4/2021,3818.53,3843.67,3723.34,3768.47
3/3/2021,3863.99,3874.47,3818.86,3819.72
3/2/2021,3903.64,3906.41,3868.57,3870.29
3/1/2021,3842.51,3914.5,3842.51,3901.82
2/26/2021,3839.66,3861.08,3789.54,3811.15
2/25/2021,3915.8,3925.02,3814.04,3829.34
2/24/2021,3873.71,3928.65,3859.6,3925.43
2/23/2021,3857.07,3895.98,3805.59,3881.37
2/22/2021,3885.55,3902.92,3874.71,3876.5
2/19/2021,3921.16,3930.41,3903.07,3906.71
2/18/2021,3915.86,3921.98,3885.03,3913.97
2/17/2021,3918.5,3933.61,3900.43,3931.33
2/16/2021,3939.61,3950.43,3923.85,3932.59
2/12/2021,3911.65,3937.23,3905.78,3934.83
2/11/2021,3916.4,3925.99,3890.39,3916.38
2/10/2021,3920.78,3931.5,3884.94,3909.88
2/9/2021,3910.49,3918.35,3902.64,3911.23
2/8/2021,3892.59,3915.77,3892.59,3915.59
2/5/2021,3878.3,3894.56,3874.93,3886.83
2/4/2021,3836.66,3872.42,3836.66,3871.74
2/3/2021,3840.27,3847.51,3816.68,3830.17
2/2/2021,3791.84,3843.09,3791.84,3826.31
2/1/2021,3731.17,3784.32,3725.62,3773.86
1/29/2021,3778.05,3778.05,3694.12,3714.24
1/28/2021,3755.75,3830.5,3755.75,3787.38
1/27/2021,3836.83,3836.83,3732.48,3750.77
1/26/2021,3862.96,3870.9,3847.78,3849.62
1/25/2021,3851.68,3859.23,3797.16,3855.36
1/22/2021,3844.24,3852.31,3830.41,3841.47
1/21/2021,3857.46,3861.45,3845.05,3853.07
1/20/2021,3816.22,3859.75,3816.22,3851.85
1/19/2021,3781.88,3804.53,3780.37,3798.91
1/15/2021,3788.73,3788.73,3749.62,3768.25
1/14/2021,3814.98,3823.6,3792.86,3795.54
1/13/2021,3802.23,3820.96,3791.5,3809.84
1/12/2021,3801.62,3810.78,3776.51,3801.19
1/11/2021,3803.14,3817.86,3789.02,3799.61
1/8/2021,3815.05,3826.69,3783.6,3824.68
1/7/2021,3764.71,3811.55,3764.71,3803.79
1/6/2021,3712.2,3783.04,3705.34,3748.14
1/5/2021,3698.02,3737.83,3695.07,3726.86
1/4/2021,3764.61,3769.99,3662.71,3700.65
12/31/2020,3733.27,3760.2,3726.88,3756.07
12/30/2020,3736.19,3744.63,3730.21,3732.04
12/29/2020,3750.01,3756.12,3723.31,3727.04
12/28/2020,3723.03,3740.51,3723.03,3735.36
12/24/2020,3694.03,3703.82,3689.32,3703.06
12/23/2020,3693.42,3711.24,3689.28,3690.01
12/22/2020,3698.08,3698.26,3676.16,3687.26
12/21/2020,3684.28,3702.9,3636.48,3694.92
12/18/2020,3722.39,3726.7,3685.84,3709.41
12/17/2020,3713.65,3725.12,3710.87,3722.48
12/16/2020,3696.25,3711.27,3688.57,3701.17
12/15/2020,3666.41,3695.29,3659.62,3694.62
12/14/2020,3675.27,3697.61,3645.84,3647.49
12/11/2020,3656.08,3665.91,3633.4,3663.46
12/10/2020,3659.13,3678.49,3645.18,3668.1
12/9/2020,3705.98,3712.39,3660.54,3672.82
12/8/2020,3683.05,3708.45,3678.83,3702.25
12/7/2020,3694.73,3697.41,3678.88,3691.96
12/4/2020,3670.94,3699.2,3670.94,3699.12
12/3/2020,3668.28,3682.73,3657.17,3666.72
12/2/2020,3653.78,3670.96,3644.84,3669.01
12/1/2020,3645.87,3678.45,3645.87,3662.45
11/30/2020,3634.18,3634.18,3594.39,3621.63
11/27/2020,3638.55,3644.31,3629.33,3638.35
11/25/2020,3635.5,3635.5,3617.76,3629.65
11/24/2020,3594.52,3642.31,3594.52,3635.41
11/23/2020,3566.82,3589.81,3552.77,3577.59
11/20/2020,3579.31,3581.23,3556.85,3557.54
11/19/2020,3559.41,3585.22,3543.84,3581.87
11/18/2020,3612.09,3619.09,3567.33,3567.79
11/17/2020,3610.31,3623.11,3588.68,3609.53
11/16/2020,3600.16,3628.51,3600.16,3626.91
11/13/2020,3552.57,3593.66,3552.57,3585.15
11/12/2020,3562.67,3569.02,3518.58,3537.01
11/11/2020,3563.22,3581.16,3557,3572.66
11/10/2020,3543.26,3557.22,3511.91,3545.53
11/9/2020,3583.04,3645.99,3547.48,3550.5
11/6/2020,3508.34,3521.58,3484.34,3509.44
11/5/2020,3485.74,3529.05,3485.74,3510.45
11/4/2020,3406.46,3486.25,3405.17,3443.44
11/3/2020,3336.25,3389.49,3336.25,3369.16
11/2/2020,3296.2,3330.14,3279.74,3310.24
10/30/2020,3293.59,3304.93,3233.94,3269.96
10/29/2020,3277.17,3341.05,3259.82,3310.11
10/28/2020,3342.48,3342.48,3268.89,3271.03
10/27/2020,3403.15,3409.51,3388.71,3390.68
10/26/2020,3441.42,3441.42,3364.86,3400.97
10/23/2020,3464.9,3466.46,3440.45,3465.39
10/22/2020,3438.5,3460.53,3415.34,3453.49
10/21/2020,3439.91,3464.86,3433.06,3435.56
10/20/2020,3439.38,3476.93,3435.65,3443.12
10/19/2020,3493.66,3502.42,3419.93,3426.92
10/16/2020,3493.5,3515.76,3480.45,3483.81
10/15/2020,3453.72,3489.08,3440.89,3483.34
10/14/2020,3515.47,3527.94,3480.55,3488.67
10/13/2020,3534.01,3534.01,3500.86,3511.93
10/12/2020,3500.02,3549.85,3499.61,3534.22
10/9/2020,3459.67,3482.34,3458.07,3477.13
10/8/2020,3434.28,3447.28,3428.15,3446.83
10/7/2020,3384.56,3426.26,3384.56,3419.45
10/6/2020,3408.74,3431.56,3354.54,3360.95
10/5/2020,3367.27,3409.57,3367.27,3408.63
10/2/2020,3338.94,3369.1,3323.69,3348.44
10/1/2020,3385.87,3397.18,3361.39,3380.8
9/30/2020,3341.21,3393.56,3340.47,3363
9/29/2020,3350.92,3357.92,3327.54,3335.47
9/28/2020,3333.9,3360.74,3332.91,3351.6
9/25/2020,3236.66,3306.88,3228.44,3298.46
9/24/2020,3226.14,3278.7,3209.45,3246.59
9/23/2020,3320.11,3323.35,3232.57,3236.92
9/22/2020,3295.75,3320.31,3270.95,3315.57
9/21/2020,3285.57,3285.57,3229.1,3281.06
9/18/2020,3357.38,3362.27,3292.4,3319.47
9/17/2020,3346.86,3375.17,3328.82,3357.01
9/16/2020,3411.23,3428.92,3384.45,3385.49
9/15/2020,3407.73,3419.48,3389.25,3401.2
9/14/2020,3363.56,3402.93,3363.56,3383.54
9/11/2020,3352.7,3368.95,3310.47,3340.97
9/10/2020,3412.56,3425.55,3329.25,3339.19
9/9/2020,3369.82,3424.77,3366.84,3398.96
9/8/2020,3371.88,3379.97,3329.27,3331.84
9/4/2020,3453.6,3479.15,3349.63,3426.96
9/3/2020,3564.74,3564.85,3427.41,3455.06
9/2/2020,3543.76,3588.11,3535.23,3580.84
9/1/2020,3507.44,3528.03,3494.6,3526.65
8/31/2020,3509.73,3514.77,3493.25,3500.31
8/28/2020,3494.69,3509.23,3484.32,3508.01
8/27/2020,3485.14,3501.38,3468.35,3484.55
8/26/2020,3449.97,3481.07,3444.15,3478.73
8/25/2020,3435.95,3444.21,3425.84,3443.62
8/24/2020,3418.09,3432.09,3413.13,3431.28
8/21/2020,3386.01,3399.96,3379.31,3397.16
8/20/2020,3360.48,3390.8,3354.69,3385.51
8/19/2020,3392.51,3399.54,3369.66,3374.85
8/18/2020,3387.04,3395.06,3370.15,3389.78
8/17/2020,3380.86,3387.59,3379.22,3381.99
8/14/2020,3368.66,3378.51,3361.64,3372.85
8/13/2020,3372.95,3387.24,3363.35,3373.43
8/12/2020,3355.46,3387.89,3355.46,3380.35
8/11/2020,3370.34,3381.01,3326.44,3333.69
8/10/2020,3356.04,3363.29,3335.44,3360.47
8/7/2020,3340.05,3352.54,3328.72,3351.28
8/6/2020,3323.17,3351.03,3318.14,3349.16
8/5/2020,3317.37,3330.77,3317.37,3327.77
8/4/2020,3289.92,3306.84,3286.37,3306.51
8/3/2020,3288.26,3302.73,3284.53,3294.61
7/31/2020,3270.45,3272.17,3220.26,3271.12
7/30/2020,3231.76,3250.92,3204.13,3246.22
7/29/2020,3227.22,3264.74,3227.22,3258.44
7/28/2020,3234.27,3243.72,3216.17,3218.44
7/27/2020,3219.84,3241.43,3214.25,3239.41
7/24/2020,3218.58,3227.26,3200.05,3215.63
7/23/2020,3271.64,3279.99,3222.66,3235.66
7/22/2020,3254.86,3279.32,3253.1,3276.02
7/21/2020,3268.52,3277.29,3247.77,3257.3
7/20/2020,3224.29,3258.61,3215.16,3251.84
7/17/2020,3224.21,3233.52,3205.65,3224.73
7/16/2020,3208.36,3220.39,3198.59,3215.57
7/15/2020,3225.98,3238.28,3200.76,3226.56
7/14/2020,3141.11,3200.95,3127.66,3197.52
7/13/2020,3205.08,3235.32,3149.43,3155.22
7/10/2020,3152.47,3186.82,3136.22,3185.04
7/9/2020,3176.17,3179.78,3115.7,3152.05
7/8/2020,3153.07,3171.8,3136.53,3169.94
7/7/2020,3166.44,3184.15,3142.93,3145.32
7/6/2020,3155.29,3182.59,3155.29,3179.72
7/2/2020,3143.64,3165.81,3124.52,3130.01
7/1/2020,3105.92,3128.44,3101.17,3115.86
6/30/2020,3050.2,3111.51,3047.83,3100.29
6/29/2020,3018.59,3053.89,2999.74,3053.24
6/26/2020,3073.2,3073.73,3004.63,3009.05
6/25/2020,3046.6,3086.25,3024.01,3083.76
6/24/2020,3114.4,3115.01,3032.13,3050.33
6/23/2020,3138.7,3154.9,3127.12,3131.29
6/22/2020,3094.42,3120.92,3079.39,3117.86
6/19/2020,3140.29,3155.53,3083.11,3097.74
6/18/2020,3101.64,3120,3093.51,3115.34
6/17/2020,3136.13,3141.16,3108.03,3113.49
6/16/2020,3131,3153.45,3076.06,3124.74
6/15/2020,2993.76,3079.76,2965.66,3066.59
6/12/2020,3071.04,3088.42,2984.47,3041.31
6/11/2020,3123.53,3123.53,2999.49,3002.1
6/10/2020,3213.42,3223.27,3181.49,3190.14
6/9/2020,3213.32,3222.71,3193.11,3207.18
6/8/2020,3199.92,3233.13,3196,3232.39
6/5/2020,3163.84,3211.72,3163.84,3193.93
6/4/2020,3111.56,3128.91,3090.41,3112.35
6/3/2020,3098.9,3130.94,3098.9,3122.87
6/2/2020,3064.78,3081.07,3051.64,3080.82
6/1/2020,3038.78,3062.18,3031.54,3055.73
5/29/2020,3025.17,3049.17,2998.61,3044.31
5/28/2020,3046.61,3068.67,3023.4,3029.73
5/27/2020,3015.65,3036.25,2969.75,3036.13
5/26/2020,3004.08,3021.72,2988.17,2991.77
5/22/2020,2948.05,2956.76,2933.59,2955.45
5/21/2020,2969.95,2978.5,2938.57,2948.51
5/20/2020,2953.63,2980.29,2953.63,2971.61
5/19/2020,2948.59,2964.21,2922.35,2922.94
5/18/2020,2913.86,2968.09,2913.86,2953.91
5/15/2020,2829.95,2865.01,2816.78,2863.7
5/14/2020,2794.54,2852.8,2766.64,2852.5
5/13/2020,2865.86,2874.14,2793.15,2820
5/12/2020,2939.5,2945.82,2869.59,2870.12
5/11/2020,2915.46,2944.25,2903.44,2930.32
5/8/2020,2908.83,2932.16,2902.88,2929.8
5/7/2020,2878.26,2901.92,2876.48,2881.19
5/6/2020,2883.14,2891.11,2847.65,2848.42
5/5/2020,2868.88,2898.23,2863.55,2868.44
5/4/2020,2815.01,2844.24,2797.85,2842.74
5/1/2020,2869.09,2869.09,2821.61,2830.71
4/30/2020,2930.91,2930.91,2892.47,2912.43
4/29/2020,2918.46,2954.86,2912.16,2939.51
4/28/2020,2909.96,2921.15,2860.71,2863.39
4/27/2020,2854.65,2887.72,2852.89,2878.48
4/24/2020,2812.64,2842.71,2791.76,2836.74
4/23/2020,2810.42,2844.9,2794.26,2797.8
4/22/2020,2787.89,2815.1,2775.95,2799.31
4/21/2020,2784.81,2785.54,2727.1,2736.56
4/20/2020,2845.62,2868.98,2820.43,2823.16
4/17/2020,2842.43,2879.22,2830.88,2874.56
4/16/2020,2799.34,2806.51,2764.32,2799.55
4/15/2020,2795.64,2801.88,2761.54,2783.36
4/14/2020,2805.1,2851.85,2805.1,2846.06
4/13/2020,2782.46,2782.46,2721.17,2761.63
4/9/2020,2776.99,2818.57,2762.36,2789.82
4/8/2020,2685,2760.75,2663.3,2749.98
4/7/2020,2738.65,2756.89,2657.67,2659.41
4/6/2020,2578.28,2676.85,2574.57,2663.68
4/3/2020,2514.92,2538.18,2459.96,2488.65
4/2/2020,2458.54,2533.22,2455.79,2526.9
4/1/2020,2498.08,2522.75,2447.49,2470.5
3/31/2020,2614.69,2641.39,2571.15,2584.59
3/30/2020,2558.98,2631.8,2545.28,2626.65
3/27/2020,2555.87,2615.91,2520.02,2541.47
3/26/2020,2501.29,2637.01,2500.72,2630.07
3/25/2020,2457.77,2571.42,2407.53,2475.56
3/24/2020,2344.44,2449.71,2344.44,2447.33
3/23/2020,2290.71,2300.73,2191.86,2237.4
3/20/2020,2431.94,2453.01,2295.56,2304.92
3/19/2020,2393.48,2466.97,2319.78,2409.39
3/18/2020,2436.5,2453.57,2280.52,2398.1
3/17/2020,2425.66,2553.93,2367.04,2529.19
3/16/2020,2508.59,2562.98,2380.94,2386.13
3/13/2020,2569.99,2711.33,2492.37,2711.02
3/12/2020,2630.86,2660.95,2478.86,2480.64
3/11/2020,2825.6,2825.6,2707.22,2741.38
3/10/2020,2813.48,2882.59,2734,2882.23
3/9/2020,2863.89,2863.89,2734.43,2746.56
3/6/2020,2954.2,2985.93,2901.54,2972.37
3/5/2020,3075.7,3083.04,2999.83,3023.94
3/4/2020,3045.75,3130.97,3034.38,3130.12
3/3/2020,3096.46,3136.72,2976.63,3003.37
3/2/2020,2974.28,3090.96,2945.19,3090.23
2/28/2020,2916.9,2959.72,2855.84,2954.22
2/27/2020,3062.54,3097.07,2977.39,2978.76
2/26/2020,3139.9,3182.51,3108.99,3116.39
2/25/2020,3238.94,3246.99,3118.77,3128.21
2/24/2020,3257.61,3259.81,3214.65,3225.89
2/21/2020,3360.5,3360.76,3328.45,3337.75
2/20/2020,3380.45,3389.15,3341.02,3373.23
2/19/2020,3380.39,3393.52,3378.83,3386.15
2/18/2020,3369.04,3375.01,3355.61,3370.29
2/14/2020,3378.08,3380.69,3366.15,3380.16
2/13/2020,3365.9,3385.09,3360.52,3373.94
2/12/2020,3370.5,3381.47,3369.72,3379.45
2/11/2020,3365.87,3375.63,3352.72,3357.75
2/10/2020,3318.28,3352.26,3317.77,3352.09
2/7/2020,3335.54,3341.42,3322.12,3327.71
2/6/2020,3344.92,3347.96,3334.39,3345.78
2/5/2020,3324.91,3337.58,3313.75,3334.69
2/4/2020,3280.61,3306.92,3280.61,3297.59
2/3/2020,3235.66,3268.44,3235.66,3248.92
1/31/2020,3282.33,3282.33,3214.68,3225.52
1/30/2020,3256.45,3285.91,3242.8,3283.66
1/29/2020,3289.46,3293.47,3271.89,3273.4
1/28/2020,3255.35,3285.78,3253.22,3276.24
1/27/2020,3247.16,3258.85,3234.5,3243.63
1/24/2020,3333.1,3333.18,3281.53,3295.47
1/23/2020,3315.77,3326.88,3301.87,3325.54
1/22/2020,3330.02,3337.77,3320.04,3321.75
1/21/2020,3321.03,3329.79,3316.61,3320.79
1/17/2020,3323.66,3329.88,3318.86,3329.62
1/16/2020,3302.97,3317.11,3302.82,3316.81
1/15/2020,3282.27,3298.66,3280.69,3289.29
1/14/2020,3285.35,3294.25,3277.19,3283.15
1/13/2020,3271.13,3288.13,3268.43,3288.13
1/10/2020,3281.81,3282.99,3260.86,3265.35
1/9/2020,3266.03,3275.58,3263.67,3274.7
1/8/2020,3238.59,3267.07,3236.67,3253.05
1/7/2020,3241.86,3244.91,3232.43,3237.18
1/6/2020,3217.55,3246.84,3214.64,3246.28
1/3/2020,3226.36,3246.15,3222.34,3234.85
1/2/2020,3244.67,3258.14,3235.53,3257.85
12/31/2019,3215.18,3231.72,3212.03,3230.78
12/30/2019,3240.09,3240.92,3216.57,3221.29
12/27/2019,3247.23,3247.93,3234.37,3240.02
12/26/2019,3227.2,3240.08,3227.2,3239.91
12/24/2019,3225.45,3226.43,3220.51,3223.38
12/23/2019,3226.05,3227.78,3222.3,3224.01
12/20/2019,3223.33,3225.65,3216.03,3221.22
12/19/2019,3192.32,3205.48,3192.32,3205.37
12/18/2019,3195.21,3198.48,3191.14,3191.14
12/17/2019,3195.4,3198.22,3191.03,3192.52
12/16/2019,3183.63,3197.71,3183.63,3191.45
12/13/2019,3166.65,3182.68,3156.51,3168.8
12/12/2019,3141.23,3176.28,3138.47,3168.57
12/11/2019,3135.75,3143.98,3133.21,3141.63
12/10/2019,3135.36,3142.12,3126.09,3132.52
12/9/2019,3141.86,3148.87,3135.46,3135.96
12/6/2019,3134.62,3150.6,3134.62,3145.91
12/5/2019,3119.21,3119.45,3103.76,3117.43
12/4/2019,3103.5,3119.38,3102.53,3112.76
12/3/2019,3087.41,3094.97,3070.33,3093.2
12/2/2019,3143.85,3144.31,3110.78,3113.87
11/29/2019,3147.18,3150.3,3139.34,3140.98
11/27/2019,3145.49,3154.26,3143.41,3153.63
11/26/2019,3134.85,3142.69,3131,3140.52
11/25/2019,3117.44,3133.83,3117.44,3133.64
11/22/2019,3111.41,3112.87,3099.26,3110.29
11/21/2019,3108.49,3110.11,3094.55,3103.54
11/20/2019,3114.66,3118.97,3091.41,3108.46
11/19/2019,3127.45,3127.64,3113.47,3120.18
11/18/2019,3117.91,3124.17,3112.06,3122.03
11/15/2019,3107.92,3120.46,3104.6,3120.46
11/14/2019,3090.75,3098.2,3083.26,3096.63
11/13/2019,3084.18,3098.06,3078.8,3094.04
11/12/2019,3089.28,3102.61,3084.73,3091.84
11/11/2019,3080.33,3088.33,3075.82,3087.01
11/8/2019,3081.25,3093.09,3073.58,3093.08
11/7/2019,3087.02,3097.77,3080.23,3085.18
11/6/2019,3075.1,3078.34,3065.89,3076.78
11/5/2019,3080.8,3083.95,3072.15,3074.62
11/4/2019,3078.96,3085.2,3074.87,3078.27
11/1/2019,3050.72,3066.95,3050.72,3066.91
10/31/2019,3046.9,3046.9,3023.19,3037.56
10/30/2019,3039.74,3050.1,3025.96,3046.77
10/29/2019,3035.39,3047.87,3034.81,3036.89
10/28/2019,3032.12,3044.08,3032.12,3039.42
10/25/2019,3003.32,3027.39,3001.94,3022.55
10/24/2019,3014.78,3016.07,3000.42,3010.29
10/23/2019,2994.01,3004.78,2991.21,3004.52
10/22/2019,3010.73,3014.57,2995.04,2995.99
10/21/2019,2996.48,3007.33,2995.35,3006.72
10/18/2019,2996.84,3000,2976.31,2986.2
10/17/2019,3000.77,3008.29,2991.79,2997.95
10/16/2019,2989.68,2997.54,2985.2,2989.69
10/15/2019,2973.61,3003.28,2973.61,2995.68
10/14/2019,2965.81,2972.84,2962.94,2966.15
10/11/2019,2963.07,2993.28,2963.07,2970.27
10/10/2019,2918.55,2948.46,2917.12,2938.13
10/9/2019,2911.1,2929.32,2907.41,2919.4
10/8/2019,2920.4,2925.47,2892.66,2893.06
10/7/2019,2944.23,2959.75,2935.68,2938.79
10/4/2019,2918.56,2953.74,2918.56,2952.01
10/3/2019,2885.38,2911.13,2855.94,2910.63
10/2/2019,2924.78,2924.78,2874.93,2887.61
10/1/2019,2983.69,2992.53,2938.7,2940.25
9/30/2019,2967.07,2983.85,2967.07,2976.74
9/27/2019,2985.47,2987.31,2945.53,2961.79
9/26/2019,2985.73,2987.28,2963.71,2977.62
9/25/2019,2968.35,2989.82,2952.86,2984.87
9/24/2019,3002.43,3007.98,2957.73,2966.6
9/23/2019,2983.5,2999.15,2982.23,2991.78
9/20/2019,3008.42,3016.37,2984.68,2992.07
9/19/2019,3010.36,3021.99,3003.16,3006.79
9/18/2019,3001.5,3007.83,2978.57,3006.73
9/17/2019,2995.67,3006.21,2993.73,3005.7
9/16/2019,2996.41,3002.19,2990.67,2997.96
9/13/2019,3012.21,3017.33,3002.9,3007.39
9/12/2019,3009.08,3020.74,3000.92,3009.57
9/11/2019,2981.41,3000.93,2975.31,3000.93
9/10/2019,2971.01,2979.39,2957.01,2979.39
9/9/2019,2988.43,2989.43,2969.39,2978.43
9/6/2019,2980.33,2985.03,2972.51,2978.71
9/5/2019,2960.6,2985.86,2960.6,2976
9/4/2019,2924.67,2938.84,2921.86,2937.78
9/3/2019,2909.01,2914.39,2891.85,2906.27
8/30/2019,2937.09,2940.43,2913.32,2926.46
8/29/2019,2910.37,2930.5,2905.67,2924.58
8/28/2019,2861.28,2890.03,2853.05,2887.94
8/27/2019,2893.14,2898.79,2860.59,2869.16
8/26/2019,2866.7,2879.27,2856,2878.38
8/23/2019,2911.07,2927.01,2834.97,2847.11
8/22/2019,2930.94,2939.08,2904.51,2922.95
8/21/2019,2922.04,2928.73,2917.91,2924.43
8/20/2019,2919.01,2923.63,2899.6,2900.51
8/19/2019,2913.48,2931,2913.48,2923.65
8/16/2019,2864.74,2893.63,2864.74,2888.68
8/15/2019,2846.2,2856.67,2825.51,2847.6
8/14/2019,2894.15,2894.15,2839.64,2840.6
8/13/2019,2880.72,2943.31,2877.05,2926.32
8/12/2019,2907.07,2907.58,2873.14,2883.75
8/9/2019,2930.51,2935.75,2900.15,2918.65
8/8/2019,2896.21,2938.72,2894.47,2938.09
8/7/2019,2858.65,2892.17,2825.71,2883.98
8/6/2019,2861.18,2884.4,2847.42,2881.77
8/5/2019,2898.07,2898.07,2822.12,2844.74
8/2/2019,2943.9,2945.5,2914.11,2932.05
8/1/2019,2980.32,3013.59,2945.23,2953.56
7/31/2019,3016.22,3017.4,2958.08,2980.38
7/30/2019,3007.66,3017.19,3000.94,3013.18
7/29/2019,3024.47,3025.61,3014.3,3020.97
7/26/2019,3013.25,3027.98,3012.59,3025.86
7/25/2019,3016.26,3016.31,2997.24,3003.67
7/24/2019,2998.77,3019.59,2996.82,3019.56
7/23/2019,2994.74,3005.9,2988.56,3005.47
7/22/2019,2981.93,2990.71,2976.65,2985.03
7/19/2019,3004.26,3006.02,2975.86,2976.61
7/18/2019,2978.87,2998.28,2973.09,2995.11
7/17/2019,3005.1,3005.26,2984.25,2984.42
7/16/2019,3012.13,3015.02,3001.15,3004.04
7/15/2019,3017.8,3017.8,3008.77,3014.3
7/12/2019,3003.36,3013.92,3001.87,3013.77
7/11/2019,2999.62,3002.33,2988.8,2999.91
7/10/2019,2989.3,3002.98,2984.62,2993.07
7/9/2019,2965.52,2981.9,2963.44,2979.63
7/8/2019,2979.77,2980.76,2970.09,2975.95
7/5/2019,2984.25,2994.03,2967.97,2990.41
7/3/2019,2978.08,2995.84,2977.96,2995.82
7/2/2019,2964.66,2973.21,2955.92,2973.01
7/1/2019,2971.41,2977.93,2952.22,2964.33
6/28/2019,2932.94,2943.98,2929.05,2941.76
6/27/2019,2919.66,2929.3,2918.57,2924.92
6/26/2019,2926.07,2932.59,2912.99,2913.78
6/25/2019,2945.78,2946.52,2916.01,2917.38
6/24/2019,2951.42,2954.92,2944.05,2945.35
6/21/2019,2952.71,2964.15,2946.87,2950.46
6/20/2019,2949.6,2958.06,2931.5,2954.18
6/19/2019,2920.55,2931.74,2911.43,2926.46
6/18/2019,2906.71,2930.79,2905.44,2917.75
6/17/2019,2889.75,2897.27,2887.3,2889.67
6/14/2019,2886.82,2894.45,2879.62,2886.98
6/13/2019,2886.24,2895.24,2881.99,2891.64
6/12/2019,2882.73,2888.57,2874.68,2879.84
6/11/2019,2903.27,2910.61,2878.53,2885.72
6/10/2019,2885.83,2904.77,2885.51,2886.73
6/7/2019,2852.87,2884.97,2852.87,2873.34
6/6/2019,2828.51,2852.1,2822.45,2843.49
6/5/2019,2818.09,2827.28,2800.92,2826.15
6/4/2019,2762.64,2804.49,2762.64,2803.27
6/3/2019,2751.53,2763.07,2728.81,2744.45
5/31/2019,2766.15,2768.98,2750.52,2752.06
5/30/2019,2786.94,2799,2776.74,2788.86
5/29/2019,2790.25,2792.03,2766.06,2783.02
5/28/2019,2830.03,2840.51,2801.58,2802.39
5/24/2019,2832.41,2841.36,2820.19,2826.06
5/23/2019,2836.7,2836.7,2805.49,2822.24
5/22/2019,2856.06,2865.47,2851.11,2856.27
5/21/2019,2854.02,2868.88,2854.02,2864.36
5/20/2019,2841.94,2853.86,2831.29,2840.23
5/17/2019,2858.6,2885.48,2854.23,2859.53
5/16/2019,2855.8,2892.15,2855.8,2876.32
5/15/2019,2820.38,2858.68,2815.08,2850.96
5/14/2019,2820.12,2852.54,2820.12,2834.41
5/13/2019,2840.19,2840.19,2801.43,2811.87
5/10/2019,2863.1,2891.31,2825.39,2881.4
5/9/2019,2859.84,2875.97,2836.4,2870.72
5/8/2019,2879.61,2897.96,2873.28,2879.42
5/7/2019,2913.03,2913.03,2862.6,2884.05
5/6/2019,2908.89,2937.32,2898.21,2932.47
5/3/2019,2929.21,2947.85,2929.21,2945.64
5/2/2019,2922.16,2931.68,2900.5,2917.52
5/1/2019,2952.33,2954.13,2923.36,2923.73
4/30/2019,2937.14,2948.22,2924.11,2945.83
4/29/2019,2940.58,2949.52,2939.35,2943.03
4/26/2019,2925.81,2939.88,2917.56,2939.88
4/25/2019,2928.99,2933.1,2912.84,2926.17
4/24/2019,2934,2936.83,2926.05,2927.25
4/23/2019,2909.99,2936.31,2908.53,2933.68
4/22/2019,2898.78,2909.51,2896.35,2907.97
4/18/2019,2904.81,2908.4,2891.9,2905.03
4/17/2019,2916.04,2918,2895.45,2900.45
4/16/2019,2912.26,2916.06,2900.71,2907.06
4/15/2019,2908.32,2909.6,2896.48,2905.58
4/12/2019,2900.86,2910.54,2898.37,2907.41
4/11/2019,2891.92,2893.42,2881.99,2888.32
4/10/2019,2881.37,2889.71,2879.13,2888.21
4/9/2019,2886.58,2886.88,2873.33,2878.2
4/8/2019,2888.46,2895.95,2880.78,2895.77
4/5/2019,2884.16,2893.24,2882.99,2892.74
4/4/2019,2873.99,2881.28,2867.14,2879.39
4/3/2019,2876.09,2885.25,2865.17,2873.4
4/2/2019,2868.24,2872.9,2858.75,2867.24
4/1/2019,2848.63,2869.4,2848.63,2867.19
3/29/2019,2828.27,2836.03,2819.23,2834.4
3/28/2019,2809.4,2819.71,2798.77,2815.44
3/27/2019,2819.72,2825.56,2787.72,2805.37
3/26/2019,2812.66,2829.87,2803.99,2818.46
3/25/2019,2796.01,2809.79,2785.02,2798.36
3/22/2019,2844.52,2846.16,2800.47,2800.71
3/21/2019,2819.72,2860.31,2817.38,2854.88
3/20/2019,2831.34,2843.54,2812.43,2824.23
3/19/2019,2840.76,2852.42,2823.27,2832.57
3/18/2019,2822.61,2835.41,2821.99,2832.94
3/15/2019,2810.79,2830.73,2810.79,2822.48
3/14/2019,2810.38,2815,2803.46,2808.48
3/13/2019,2799.78,2821.24,2799.78,2810.92
3/12/2019,2787.34,2798.32,2786.73,2791.52
3/11/2019,2747.61,2784,2747.61,2783.3
3/8/2019,2730.79,2744.13,2722.27,2743.07
3/7/2019,2766.53,2767.25,2739.09,2748.93
3/6/2019,2790.27,2790.27,2768.69,2771.45
3/5/2019,2794.41,2796.44,2782.97,2789.65
3/4/2019,2814.37,2816.88,2767.66,2792.81
3/1/2019,2798.22,2808.02,2787.38,2803.69
2/28/2019,2788.11,2793.73,2782.51,2784.49
2/27/2019,2787.5,2795.76,2775.13,2792.38
2/26/2019,2792.36,2803.12,2789.47,2793.9
2/25/2019,2804.35,2813.49,2794.99,2796.11
2/22/2019,2780.67,2794.2,2779.11,2792.67
2/21/2019,2780.24,2781.58,2764.55,2774.88
2/20/2019,2779.05,2789.88,2774.06,2784.7
2/19/2019,2769.28,2787.33,2767.29,2779.76
2/15/2019,2760.24,2775.66,2760.24,2775.6
2/14/2019,2743.5,2757.9,2731.23,2745.73
2/13/2019,2750.3,2761.85,2748.63,2753.03
2/12/2019,2722.61,2748.19,2722.61,2744.73
2/11/2019,2712.4,2718.05,2703.79,2709.8
2/8/2019,2692.36,2708.07,2681.83,2707.88
2/7/2019,2717.53,2719.32,2687.26,2706.05
2/6/2019,2735.05,2738.08,2724.15,2731.61
2/5/2019,2728.34,2738.98,2724.03,2737.7
2/4/2019,2706.49,2724.99,2698.75,2724.87
2/1/2019,2702.32,2716.66,2696.88,2706.53
1/31/2019,2685.49,2708.95,2678.65,2704.1
1/30/2019,2653.62,2690.44,2648.34,2681.05
1/29/2019,2644.89,2650.93,2631.05,2640
1/28/2019,2644.97,2644.97,2624.06,2643.85
1/25/2019,2657.44,2672.38,2657.33,2664.76
1/24/2019,2638.84,2647.2,2627.01,2642.33
1/23/2019,2643.48,2653.19,2612.86,2638.7
1/22/2019,2657.88,2657.88,2617.27,2632.9
1/18/2019,2651.27,2675.47,2647.58,2670.71
1/17/2019,2609.28,2645.06,2606.36,2635.96
1/16/2019,2614.75,2625.76,2612.68,2616.1
1/15/2019,2585.1,2613.08,2585.1,2610.3
1/14/2019,2580.31,2589.32,2570.41,2582.61
1/11/2019,2588.11,2596.27,2577.4,2596.26
1/10/2019,2573.51,2597.82,2562.02,2596.64
1/9/2019,2580,2595.32,2568.89,2584.96
1/8/2019,2568.11,2579.82,2547.56,2574.41
1/7/2019,2535.61,2566.16,2524.56,2549.69
1/4/2019,2474.33,2538.07,2474.33,2531.94
1/3/2019,2491.92,2493.14,2443.96,2447.89
1/2/2019,2476.96,2519.49,2467.47,2510.03
12/31/2018,2498.94,2509.24,2482.82,2506.85
12/28/2018,2498.77,2520.27,2472.89,2485.74
12/27/2018,2442.5,2489.1,2397.94,2488.83
12/26/2018,2363.12,2467.76,2346.58,2467.7
12/24/2018,2400.56,2410.34,2351.1,2351.1
12/21/2018,2465.38,2504.41,2408.55,2416.62
12/20/2018,2496.77,2509.63,2441.18,2467.42
12/19/2018,2547.05,2585.29,2488.96,2506.96
12/18/2018,2559.9,2573.99,2528.71,2546.16
12/17/2018,2590.75,2601.13,2530.54,2545.94
12/14/2018,2629.68,2635.07,2593.84,2599.95
12/13/2018,2658.7,2670.19,2637.27,2650.54
12/12/2018,2658.23,2685.44,2650.26,2651.07
12/11/2018,2664.44,2674.35,2621.3,2636.78
12/10/2018,2630.86,2647.51,2583.23,2637.72
12/7/2018,2691.26,2708.54,2623.14,2633.08
12/6/2018,2663.51,2696.15,2621.53,2695.95
12/4/2018,2782.43,2785.93,2697.18,2700.06
12/3/2018,2790.5,2800.18,2773.38,2790.37
11/30/2018,2737.76,2760.88,2732.76,2760.17
11/29/2018,2736.97,2753.75,2722.94,2737.76
11/28/2018,2691.45,2744,2684.38,2743.79
11/27/2018,2663.75,2682.53,2655.89,2682.17
11/26/2018,2649.97,2674.35,2649.97,2673.45
11/23/2018,2633.36,2647.55,2631.09,2632.56
11/21/2018,2657.74,2670.73,2649.82,2649.93
11/20/2018,2654.6,2669.44,2631.52,2641.89
11/19/2018,2730.74,2733.16,2681.09,2690.73
11/16/2018,2718.54,2746.75,2712.16,2736.27
11/15/2018,2693.52,2735.38,2670.75,2730.2
11/14/2018,2737.9,2746.8,2685.75,2701.58
11/13/2018,2730.05,2754.6,2714.98,2722.18
11/12/2018,2773.93,2775.99,2722,2726.22
11/9/2018,2794.1,2794.1,2764.24,2781.01
11/8/2018,2806.38,2814.75,2794.99,2806.83
11/7/2018,2774.13,2815.15,2774.13,2813.89
11/6/2018,2738.4,2756.82,2737.08,2755.45
11/5/2018,2726.37,2744.27,2717.94,2738.31
11/2/2018,2745.45,2756.55,2700.44,2723.06
11/1/2018,2717.58,2741.67,2708.85,2740.37
10/31/2018,2705.6,2736.69,2705.6,2711.74
10/30/2018,2640.68,2685.43,2635.34,2682.63
10/29/2018,2682.65,2706.85,2603.54,2641.25
10/26/2018,2667.86,2692.38,2628.16,2658.69
10/25/2018,2674.88,2722.7,2667.84,2705.57
10/24/2018,2737.87,2742.59,2651.89,2656.1
10/23/2018,2721.03,2753.59,2691.43,2740.69
10/22/2018,2773.94,2778.94,2749.22,2755.88
10/19/2018,2775.66,2797.77,2760.27,2767.78
10/18/2018,2802,2806.04,2755.18,2768.78
10/17/2018,2811.67,2816.94,2781.81,2809.21
10/16/2018,2767.05,2813.46,2766.91,2809.92
10/15/2018,2763.83,2775.99,2749.03,2750.79
10/12/2018,2770.54,2775.77,2729.44,2767.13
10/11/2018,2776.87,2795.14,2710.51,2728.37
10/10/2018,2873.9,2874.02,2784.86,2785.68
10/9/2018,2882.51,2894.83,2874.27,2880.34
10/8/2018,2877.53,2889.45,2862.08,2884.43
10/5/2018,2902.54,2909.64,2869.29,2885.57
10/4/2018,2919.35,2919.78,2883.92,2901.61
10/3/2018,2931.69,2939.86,2921.36,2925.51
10/2/2018,2923.8,2931.42,2919.37,2923.43
10/1/2018,2926.29,2937.06,2917.91,2924.59
9/28/2018,2910.03,2920.53,2907.5,2913.98
9/27/2018,2911.65,2927.22,2909.27,2914
9/26/2018,2916.98,2931.15,2903.28,2905.97
9/25/2018,2921.75,2923.95,2913.7,2915.56
9/24/2018,2921.83,2923.79,2912.63,2919.37
9/21/2018,2936.76,2940.91,2927.11,2929.67
9/20/2018,2919.73,2934.8,2919.73,2930.75
9/19/2018,2906.6,2912.36,2903.82,2907.95
9/18/2018,2890.74,2911.17,2890.43,2904.31
9/17/2018,2903.83,2904.65,2886.16,2888.8
9/14/2018,2906.38,2908.3,2895.77,2904.98
9/13/2018,2896.85,2906.76,2896.39,2904.18
9/12/2018,2888.29,2894.65,2879.2,2888.92
9/11/2018,2871.57,2892.52,2866.78,2887.89
9/10/2018,2881.39,2886.93,2875.94,2877.13
9/7/2018,2868.26,2883.81,2864.12,2871.68
9/6/2018,2888.64,2892.05,2867.29,2878.05
9/5/2018,2891.59,2894.21,2876.92,2888.6
9/4/2018,2896.96,2900.18,2885.13,2896.72
8/31/2018,2898.37,2906.32,2891.73,2901.52
8/30/2018,2908.94,2912.46,2895.22,2901.13
8/29/2018,2900.62,2916.5,2898.4,2914.04
8/28/2018,2901.45,2903.77,2893.5,2897.52
8/27/2018,2884.69,2898.25,2884.69,2896.74
8/24/2018,2862.35,2876.16,2862.35,2874.69
8/23/2018,2860.29,2868.78,2854.03,2856.98
8/22/2018,2860.99,2867.54,2856.05,2861.82
8/21/2018,2861.51,2873.23,2861.32,2862.96
8/20/2018,2853.93,2859.76,2850.62,2857.05
8/17/2018,2838.32,2855.63,2833.73,2850.13
8/16/2018,2831.44,2850.49,2831.44,2840.69
8/15/2018,2827.95,2827.95,2802.49,2818.37
8/14/2018,2827.88,2843.11,2826.58,2839.96
8/13/2018,2835.46,2843.4,2819.88,2821.93
8/10/2018,2839.64,2842.2,2825.81,2833.28
8/9/2018,2857.19,2862.48,2851.98,2853.58
8/8/2018,2856.79,2862.44,2853.09,2857.7
8/7/2018,2855.92,2863.43,2855.92,2858.45
8/6/2018,2840.29,2853.29,2835.98,2850.4
8/3/2018,2829.62,2840.38,2827.37,2840.35
8/2/2018,2800.48,2829.91,2796.34,2827.22
8/1/2018,2821.17,2825.83,2805.85,2813.36
7/31/2018,2809.73,2824.46,2808.06,2816.29
7/30/2018,2819,2821.74,2798.11,2802.6
7/27/2018,2842.35,2843.17,2808.34,2818.82
7/26/2018,2835.49,2845.57,2835.26,2837.44
7/25/2018,2817.73,2848.03,2817.73,2846.07
7/24/2018,2820.68,2829.99,2811.12,2820.4
7/23/2018,2799.17,2808.61,2795.14,2806.98
7/20/2018,2804.55,2809.7,2800.01,2801.83
7/19/2018,2809.37,2812.05,2799.77,2804.49
7/18/2018,2811.35,2816.76,2805.89,2815.62
7/17/2018,2789.34,2814.19,2789.24,2809.55
7/16/2018,2801.43,2803.71,2793.39,2798.43
7/13/2018,2796.93,2804.53,2791.69,2801.31
7/12/2018,2783.14,2799.22,2781.53,2798.29
7/11/2018,2779.82,2785.91,2770.77,2774.02
7/10/2018,2788.56,2795.58,2786.24,2793.84
7/9/2018,2768.51,2784.65,2768.51,2784.17
7/6/2018,2737.68,2764.41,2733.52,2759.82
7/5/2018,2724.19,2737.83,2716.02,2736.61
7/3/2018,2733.27,2736.58,2711.16,2713.22
7/2/2018,2704.95,2727.26,2698.95,2726.71
6/29/2018,2727.13,2743.26,2718.03,2718.37
6/28/2018,2698.69,2724.34,2691.99,2716.31
6/27/2018,2728.45,2746.09,2699.38,2699.63
6/26/2018,2722.12,2732.91,2715.6,2723.06
6/25/2018,2742.94,2742.94,2698.67,2717.07
6/22/2018,2760.79,2764.17,2752.68,2754.88
6/21/2018,2769.28,2769.28,2744.39,2749.76
6/20/2018,2769.73,2774.86,2763.91,2767.32
6/19/2018,2752.01,2765.05,2743.19,2762.59
6/18/2018,2765.79,2774.99,2757.12,2773.75
6/15/2018,2777.78,2782.81,2761.73,2779.66
6/14/2018,2783.21,2789.06,2776.52,2782.49
6/13/2018,2787.94,2791.47,2774.65,2775.63
6/12/2018,2785.6,2789.8,2778.78,2786.85
6/11/2018,2780.18,2790.21,2780.17,2782
6/8/2018,2765.84,2779.39,2763.59,2779.03
6/7/2018,2774.84,2779.9,2760.16,2770.37
6/6/2018,2753.25,2772.39,2748.46,2772.35
6/5/2018,2748.46,2752.61,2739.51,2748.8
6/4/2018,2741.67,2749.16,2740.54,2746.87
6/1/2018,2718.7,2736.93,2718.7,2734.62
5/31/2018,2720.98,2722.5,2700.68,2705.27
5/30/2018,2702.43,2729.34,2702.43,2724.01
5/29/2018,2705.11,2710.67,2676.81,2689.86
5/25/2018,2723.6,2727.36,2714.99,2721.33
5/24/2018,2730.94,2731.97,2707.38,2727.76
5/23/2018,2713.98,2733.33,2709.54,2733.29
5/22/2018,2738.34,2742.24,2721.88,2724.44
5/21/2018,2725.95,2739.19,2725.7,2733.01
5/18/2018,2717.35,2719.5,2709.18,2712.97
5/17/2018,2719.71,2731.96,2711.36,2720.13
5/16/2018,2712.62,2727.76,2712.17,2722.46
5/15/2018,2718.59,2718.59,2701.91,2711.45
5/14/2018,2733.37,2742.1,2725.47,2730.13
5/11/2018,2722.7,2732.86,2717.45,2727.72
5/10/2018,2705.02,2726.11,2704.54,2723.07
5/9/2018,2678.12,2701.27,2674.14,2697.79
5/8/2018,2670.26,2676.34,2655.2,2671.92
5/7/2018,2669.36,2683.35,2664.7,2672.63
5/4/2018,2621.45,2670.93,2615.32,2663.42
5/3/2018,2628.08,2637.14,2594.62,2629.73
5/2/2018,2654.24,2660.87,2631.7,2635.67
5/1/2018,2643.64,2655.27,2625.41,2654.8
4/30/2018,2675.05,2682.92,2648.04,2648.05
4/27/2018,2675.47,2677.35,2659.01,2669.91
4/26/2018,2651.65,2676.48,2647.16,2666.94
4/25/2018,2634.92,2645.3,2612.67,2639.4
4/24/2018,2680.8,2683.55,2617.32,2634.56
4/23/2018,2675.4,2682.86,2657.99,2670.29
4/20/2018,2692.56,2693.94,2660.61,2670.14
4/19/2018,2701.16,2702.84,2681.9,2693.13
4/18/2018,2710.11,2717.49,2703.63,2708.64
4/17/2018,2692.74,2713.34,2692.05,2706.39
4/16/2018,2670.1,2686.49,2665.16,2677.84
4/13/2018,2676.9,2680.26,2645.05,2656.3
4/12/2018,2653.83,2674.72,2653.83,2663.99
4/11/2018,2643.89,2661.43,2639.25,2642.19
4/10/2018,2638.41,2665.45,2635.78,2656.87
4/9/2018,2617.18,2653.55,2610.79,2613.16
4/6/2018,2645.82,2656.88,2586.27,2604.47
4/5/2018,2657.36,2672.08,2649.58,2662.84
4/4/2018,2584.04,2649.86,2573.61,2644.69
4/3/2018,2592.17,2619.14,2575.49,2614.45
4/2/2018,2633.45,2638.3,2553.8,2581.88
3/29/2018,2614.41,2659.07,2609.72,2640.87
3/28/2018,2611.3,2632.65,2593.06,2605
3/27/2018,2667.57,2674.78,2596.12,2612.62
3/26/2018,2619.35,2661.36,2601.81,2658.55
3/23/2018,2646.71,2657.67,2585.89,2588.26
3/22/2018,2691.36,2695.68,2641.59,2643.69
3/21/2018,2714.99,2739.14,2709.79,2711.93
3/20/2018,2715.05,2724.22,2710.05,2716.94
3/19/2018,2741.38,2741.38,2694.59,2712.92
3/16/2018,2750.57,2761.85,2749.97,2752.01
3/15/2018,2754.27,2763.03,2741.47,2747.33
3/14/2018,2774.06,2777.11,2744.38,2749.48
3/13/2018,2792.31,2801.9,2758.68,2765.31
3/12/2018,2790.54,2796.98,2779.26,2783.02
3/9/2018,2752.91,2786.57,2751.54,2786.57
3/8/2018,2732.75,2740.45,2722.65,2738.97
3/7/2018,2710.18,2730.6,2701.74,2726.8
3/6/2018,2730.18,2732.08,2711.26,2728.12
3/5/2018,2681.06,2728.09,2675.75,2720.94
3/2/2018,2658.89,2696.25,2647.32,2691.25
3/1/2018,2715.22,2730.89,2659.65,2677.67
2/28/2018,2753.78,2761.52,2713.54,2713.83
2/27/2018,2780.45,2789.15,2744.22,2744.28
2/26/2018,2757.37,2780.64,2753.78,2779.6
2/23/2018,2715.8,2747.76,2713.74,2747.3
2/22/2018,2710.42,2731.26,2697.77,2703.96
2/21/2018,2720.53,2747.75,2701.29,2701.33
2/20/2018,2726.01,2737.6,2706.76,2716.26
2/16/2018,2727.14,2754.42,2725.11,2732.22
2/15/2018,2713.46,2731.51,2689.82,2731.2
2/14/2018,2651.21,2702.1,2648.87,2698.63
2/13/2018,2646.27,2668.84,2637.08,2662.94
2/12/2018,2636.75,2672.61,2622.45,2656
2/9/2018,2601.78,2638.67,2532.69,2619.55
2/8/2018,2685.01,2685.27,2580.56,2581
2/7/2018,2690.95,2727.67,2681.33,2681.66
2/6/2018,2614.78,2701.04,2593.07,2695.14
2/5/2018,2741.06,2763.39,2638.17,2648.94
2/2/2018,2808.92,2808.92,2759.97,2762.13
2/1/2018,2816.45,2835.96,2812.7,2821.98
1/31/2018,2832.41,2839.26,2813.04,2823.81
1/30/2018,2832.74,2837.75,2818.27,2822.43
1/29/2018,2867.23,2870.62,2851.48,2853.53
1/26/2018,2847.48,2872.87,2846.18,2872.87
1/25/2018,2846.24,2848.56,2830.94,2839.25
1/24/2018,2845.42,2852.97,2824.81,2837.54
1/23/2018,2835.05,2842.24,2830.59,2839.13
1/22/2018,2809.16,2833.03,2808.12,2832.97
1/19/2018,2802.6,2810.33,2798.08,2810.3
1/18/2018,2802.4,2805.83,2792.56,2798.03
1/17/2018,2784.99,2807.04,2778.38,2802.56
1/16/2018,2798.96,2807.54,2768.64,2776.42
1/12/2018,2770.18,2787.85,2769.64,2786.24
1/11/2018,2752.97,2767.56,2752.78,2767.56
1/10/2018,2745.55,2750.8,2736.06,2748.23
1/9/2018,2751.15,2759.14,2747.86,2751.29
1/8/2018,2742.67,2748.51,2737.6,2747.71
1/5/2018,2731.33,2743.45,2727.92,2743.15
1/4/2018,2719.31,2729.29,2719.07,2723.99
1/3/2018,2697.85,2714.37,2697.77,2713.06
1/2/2018,2683.73,2695.89,2682.36,2695.81
12/29/2017,2689.15,2692.12,2673.61,2673.61
12/28/2017,2686.1,2687.66,2682.69,2687.54
12/27/2017,2682.1,2685.64,2678.91,2682.62
12/26/2017,2679.09,2682.74,2677.96,2680.5
12/22/2017,2684.22,2685.35,2678.13,2683.34
12/21/2017,2683.02,2692.64,2682.4,2684.57
12/20/2017,2688.18,2691.01,2676.11,2679.25
12/19/2017,2692.71,2694.44,2680.74,2681.47
12/18/2017,2685.92,2694.97,2685.92,2690.16
12/15/2017,2660.63,2679.63,2659.14,2675.81
12/14/2017,2665.87,2668.09,2652.01,2652.01
12/13/2017,2667.59,2671.88,2662.85,2662.85
12/12/2017,2661.73,2669.72,2659.78,2664.11
12/11/2017,2652.19,2660.33,2651.47,2659.99
12/8/2017,2646.21,2651.65,2644.1,2651.5
12/7/2017,2628.38,2640.99,2626.53,2636.98
12/6/2017,2626.24,2634.41,2624.75,2629.27
12/5/2017,2639.78,2648.72,2627.73,2629.57
12/4/2017,2657.19,2665.19,2639.03,2639.44
12/1/2017,2645.1,2650.62,2605.52,2642.22
11/30/2017,2633.93,2657.74,2633.93,2647.58
11/29/2017,2627.82,2634.89,2620.32,2626.07
11/28/2017,2605.94,2627.69,2605.44,2627.04
11/27/2017,2602.66,2606.41,2598.87,2601.42
11/24/2017,2600.42,2604.21,2600.42,2602.42
11/22/2017,2600.31,2600.94,2595.23,2597.08
11/21/2017,2589.17,2601.19,2589.17,2599.03
11/20/2017,2579.49,2584.64,2578.24,2582.14
11/17/2017,2582.94,2583.96,2577.62,2578.85
11/16/2017,2572.95,2590.09,2572.95,2585.64
11/15/2017,2569.45,2572.84,2557.45,2564.62
11/14/2017,2577.75,2579.66,2566.56,2578.87
11/13/2017,2576.53,2587.66,2574.48,2584.84
11/10/2017,2580.18,2583.81,2575.57,2582.3
11/9/2017,2584,2586.5,2566.33,2584.62
11/8/2017,2588.71,2595.47,2585.02,2594.38
11/7/2017,2592.11,2597.02,2584.35,2590.64
11/6/2017,2587.47,2593.38,2585.66,2591.13
11/3/2017,2581.93,2588.42,2576.77,2587.84
11/2/2017,2579.46,2581.11,2566.17,2579.85
11/1/2017,2583.21,2588.4,2574.92,2579.36
10/31/2017,2575.99,2578.29,2572.15,2575.26
10/30/2017,2577.75,2580.03,2568.25,2572.83
10/27/2017,2570.26,2582.98,2565.94,2581.07
10/26/2017,2560.08,2567.07,2559.8,2560.4
10/25/2017,2566.52,2567.4,2544,2557.15
10/24/2017,2568.66,2572.18,2565.58,2569.13
10/23/2017,2578.08,2578.29,2564.33,2564.98
10/20/2017,2567.56,2575.44,2567.56,2575.21
10/19/2017,2553.39,2562.36,2547.92,2562.1
10/18/2017,2562.87,2564.11,2559.67,2561.26
10/17/2017,2557.17,2559.71,2554.69,2559.36
10/16/2017,2555.57,2559.47,2552.64,2557.64
10/13/2017,2555.66,2557.65,2552.09,2553.17
10/12/2017,2552.88,2555.33,2548.31,2550.93
10/11/2017,2550.62,2555.24,2547.95,2555.24
10/10/2017,2549.99,2555.23,2544.86,2550.64
10/9/2017,2551.39,2551.82,2541.6,2544.73
10/6/2017,2547.44,2549.41,2543.79,2549.33
10/5/2017,2540.86,2552.51,2540.02,2552.07
10/4/2017,2533.48,2540.53,2531.8,2537.74
10/3/2017,2530.34,2535.13,2528.85,2534.58
10/2/2017,2521.2,2529.23,2520.4,2529.12
9/29/2017,2509.96,2519.44,2507.99,2519.36
9/28/2017,2503.41,2510.81,2502.93,2510.06
9/27/2017,2503.3,2511.75,2495.91,2507.04
9/26/2017,2501.04,2503.51,2495.12,2496.84
9/25/2017,2499.39,2502.54,2488.03,2496.66
9/22/2017,2497.26,2503.47,2496.54,2502.22
9/21/2017,2507.16,2507.16,2499,2500.6
9/20/2017,2506.84,2508.85,2496.67,2508.24
9/19/2017,2506.29,2507.84,2503.19,2506.65
9/18/2017,2502.51,2508.32,2499.92,2503.87
9/15/2017,2495.67,2500.23,2493.16,2500.23
9/14/2017,2494.56,2498.43,2491.35,2495.62
9/13/2017,2493.89,2498.37,2492.14,2498.37
9/12/2017,2491.94,2496.77,2490.37,2496.48
9/11/2017,2474.52,2488.95,2474.52,2488.11
9/8/2017,2462.25,2467.11,2459.4,2461.43
9/7/2017,2468.06,2468.62,2460.29,2465.1
9/6/2017,2463.83,2469.64,2459.2,2465.54
9/5/2017,2470.35,2471.97,2446.55,2457.85
9/1/2017,2474.42,2480.38,2473.85,2476.55
8/31/2017,2462.65,2475.01,2462.65,2471.65
8/30/2017,2446.06,2460.31,2443.77,2457.59
8/29/2017,2431.94,2449.19,2428.2,2446.3
8/28/2017,2447.35,2449.12,2439.03,2444.24
8/25/2017,2444.72,2453.96,2442.22,2443.05
8/24/2017,2447.91,2450.39,2436.19,2438.97
8/23/2017,2444.88,2448.91,2441.42,2444.04
8/22/2017,2433.75,2454.77,2433.67,2452.51
8/21/2017,2425.5,2430.58,2417.35,2428.37
8/18/2017,2427.64,2440.27,2420.69,2425.55
8/17/2017,2462.95,2465.02,2430.01,2430.01
8/16/2017,2468.63,2474.93,2463.86,2468.11
8/15/2017,2468.66,2468.9,2461.61,2464.61
8/14/2017,2454.96,2468.22,2454.96,2465.84
8/11/2017,2441.04,2448.09,2437.85,2441.32
8/10/2017,2465.38,2465.38,2437.75,2438.21
8/9/2017,2465.35,2474.41,2462.08,2474.02
8/8/2017,2478.35,2490.87,2470.32,2474.92
8/7/2017,2477.14,2480.95,2475.88,2480.91
8/4/2017,2476.88,2480,2472.08,2476.83
8/3/2017,2476.03,2476.03,2468.85,2472.16
8/2/2017,2480.38,2480.38,2466.48,2477.57
8/1/2017,2477.1,2478.51,2471.14,2476.35
7/31/2017,2475.94,2477.96,2468.53,2470.3
7/28/2017,2469.12,2473.53,2464.66,2472.1
7/27/2017,2482.76,2484.04,2459.93,2475.42
7/26/2017,2479.97,2481.69,2474.94,2477.83
7/25/2017,2477.88,2481.24,2474.91,2477.13
7/24/2017,2472.04,2473.1,2466.32,2469.91
7/21/2017,2467.4,2472.54,2465.06,2472.54
7/20/2017,2475.56,2477.62,2468.43,2473.45
7/19/2017,2463.85,2473.83,2463.85,2473.83
7/18/2017,2455.88,2460.92,2450.34,2460.61
7/17/2017,2459.5,2462.82,2457.16,2459.14
7/14/2017,2449.16,2463.54,2446.69,2459.27
7/13/2017,2444.99,2449.32,2441.69,2447.83
7/12/2017,2435.75,2445.76,2435.75,2443.25
7/11/2017,2427.35,2429.3,2412.79,2425.53
7/10/2017,2424.51,2432,2422.27,2427.43
7/7/2017,2413.52,2426.92,2413.52,2425.18
7/6/2017,2423.44,2424.28,2407.7,2409.75
7/5/2017,2430.78,2434.9,2422.05,2432.54
7/3/2017,2431.39,2439.17,2428.69,2429.01
6/30/2017,2429.2,2432.71,2421.65,2423.41
6/29/2017,2442.38,2442.73,2405.7,2419.7
6/28/2017,2428.7,2442.97,2428.02,2440.69
6/27/2017,2436.34,2440.15,2419.38,2419.38
6/26/2017,2443.32,2450.42,2437.03,2439.07
6/23/2017,2434.65,2441.4,2431.11,2438.3
6/22/2017,2437.4,2441.62,2433.27,2434.5
6/21/2017,2439.31,2442.23,2430.74,2435.61
6/20/2017,2450.66,2450.66,2436.6,2437.03
6/19/2017,2442.55,2453.82,2441.79,2453.46
6/16/2017,2431.24,2433.15,2422.88,2433.15
6/15/2017,2424.14,2433.95,2418.53,2432.46
6/14/2017,2443.75,2443.75,2428.34,2437.92
6/13/2017,2434.15,2441.49,2431.28,2440.35
6/12/2017,2425.88,2430.38,2419.97,2429.39
6/9/2017,2436.39,2446.2,2415.7,2431.77
6/8/2017,2434.27,2439.27,2427.94,2433.79
6/7/2017,2432.03,2435.28,2424.75,2433.14
6/6/2017,2431.92,2436.21,2428.12,2429.33
6/5/2017,2437.83,2439.55,2434.32,2436.1
6/2/2017,2431.28,2440.23,2427.71,2439.07
6/1/2017,2415.65,2430.06,2413.54,2430.06
5/31/2017,2415.63,2415.99,2403.59,2411.8
5/30/2017,2411.67,2415.26,2409.43,2412.91
5/26/2017,2414.5,2416.68,2412.2,2415.82
5/25/2017,2409.54,2418.71,2408.01,2415.07
5/24/2017,2401.41,2405.58,2397.99,2404.39
5/23/2017,2397.04,2400.85,2393.88,2398.42
5/22/2017,2387.21,2395.46,2386.92,2394.02
5/19/2017,2371.37,2389.06,2370.43,2381.73
5/18/2017,2354.69,2375.74,2352.72,2365.72
5/17/2017,2382.95,2384.87,2356.21,2357.03
5/16/2017,2404.55,2405.77,2396.05,2400.67
5/15/2017,2393.98,2404.05,2393.94,2402.32
5/12/2017,2392.44,2392.44,2387.19,2390.9
5/11/2017,2394.84,2395.72,2381.74,2394.44
5/10/2017,2396.79,2399.74,2392.79,2399.63
5/9/2017,2401.58,2403.87,2392.44,2396.92
5/8/2017,2399.94,2401.36,2393.92,2399.38
5/5/2017,2392.37,2399.29,2389.38,2399.29
5/4/2017,2389.79,2391.43,2380.35,2389.52
5/3/2017,2386.5,2389.82,2379.75,2388.13
5/2/2017,2391.05,2392.93,2385.82,2391.17
5/1/2017,2388.5,2394.49,2384.83,2388.33
4/28/2017,2393.68,2393.68,2382.36,2384.2
4/27/2017,2389.7,2392.1,2382.68,2388.77
4/26/2017,2388.98,2398.16,2386.76,2387.45
4/25/2017,2381.51,2392.48,2381.15,2388.61
4/24/2017,2370.33,2376.98,2369.19,2374.15
4/21/2017,2354.74,2356.18,2344.51,2348.69
4/20/2017,2342.69,2361.37,2340.91,2355.84
4/19/2017,2346.79,2352.63,2335.05,2338.17
4/18/2017,2342.53,2348.35,2334.54,2342.19
4/17/2017,2332.62,2349.14,2332.51,2349.01
4/13/2017,2341.98,2348.26,2328.95,2328.95
4/12/2017,2352.15,2352.72,2341.18,2344.93
4/11/2017,2353.92,2355.22,2337.25,2353.78
4/10/2017,2357.16,2366.37,2351.5,2357.16
4/7/2017,2356.59,2363.76,2350.74,2355.54
4/6/2017,2353.79,2364.16,2348.9,2357.49
4/5/2017,2366.59,2378.36,2350.52,2352.95
4/4/2017,2354.76,2360.53,2350.72,2360.16
4/3/2017,2362.34,2365.87,2344.73,2358.84
3/31/2017,2364.82,2370.35,2362.6,2362.72
3/30/2017,2361.31,2370.42,2358.58,2368.06
3/29/2017,2356.54,2363.36,2352.94,2361.13
3/28/2017,2339.79,2363.78,2337.63,2358.57
3/27/2017,2329.11,2344.9,2322.25,2341.59
3/24/2017,2350.42,2356.22,2335.74,2343.98
3/23/2017,2345.97,2358.92,2342.13,2345.96
3/22/2017,2343,2351.81,2336.45,2348.45
3/21/2017,2379.32,2381.93,2341.9,2344.02
3/20/2017,2378.24,2379.55,2369.66,2373.47
3/17/2017,2383.71,2385.71,2377.64,2378.25
3/16/2017,2387.71,2388.1,2377.18,2381.38
3/15/2017,2370.34,2390.01,2368.94,2385.26
3/14/2017,2368.55,2368.55,2358.18,2365.45
3/13/2017,2371.56,2374.42,2368.52,2373.47
3/10/2017,2372.52,2376.86,2363.04,2372.6
3/9/2017,2363.49,2369.08,2354.54,2364.87
3/8/2017,2369.81,2373.09,2361.01,2362.98
3/7/2017,2370.74,2375.12,2365.51,2368.39
3/6/2017,2375.23,2378.8,2367.98,2375.31
3/3/2017,2380.92,2383.89,2375.39,2383.12
3/2/2017,2394.75,2394.75,2380.17,2381.92
3/1/2017,2380.13,2400.98,2380.13,2395.96
2/28/2017,2366.08,2367.79,2358.96,2363.64
2/27/2017,2365.23,2371.54,2361.87,2369.75
2/24/2017,2355.73,2367.34,2352.87,2367.34
2/23/2017,2367.5,2368.26,2355.09,2363.81
2/22/2017,2361.11,2365.13,2358.34,2362.82
2/21/2017,2354.91,2366.71,2354.91,2365.38
2/17/2017,2343.01,2351.16,2339.58,2351.16
2/16/2017,2349.64,2351.31,2338.87,2347.22
2/15/2017,2335.58,2351.3,2334.81,2349.25
2/14/2017,2326.12,2337.58,2322.17,2337.58
2/13/2017,2321.72,2331.58,2321.42,2328.25
2/10/2017,2312.27,2319.23,2311.1,2316.1
2/9/2017,2296.7,2311.08,2296.61,2307.87
2/8/2017,2289.55,2295.91,2285.38,2294.67
2/7/2017,2295.87,2299.4,2290.16,2293.08
2/6/2017,2294.28,2296.18,2288.57,2292.56
2/3/2017,2288.54,2298.31,2287.88,2297.42
2/2/2017,2276.69,2283.97,2271.65,2280.85
2/1/2017,2285.59,2289.14,2272.44,2279.55
1/31/2017,2274.02,2279.09,2267.21,2278.87
1/30/2017,2286.01,2286.01,2268.04,2280.9
1/27/2017,2299.02,2299.02,2291.62,2294.69
1/26/2017,2298.63,2300.99,2294.08,2296.68
1/25/2017,2288.88,2299.55,2288.88,2298.37
1/24/2017,2267.88,2284.63,2266.68,2280.07
1/23/2017,2267.78,2271.78,2257.02,2265.2
1/20/2017,2269.96,2276.96,2265.01,2271.31
1/19/2017,2271.9,2274.33,2258.41,2263.69
1/18/2017,2269.14,2272.01,2263.35,2271.89
1/17/2017,2269.14,2272.08,2262.81,2267.89
1/13/2017,2272.74,2278.68,2271.51,2274.64
1/12/2017,2271.14,2271.78,2254.25,2270.44
1/11/2017,2268.6,2275.32,2260.83,2275.32
1/10/2017,2269.72,2279.27,2265.27,2268.9
1/9/2017,2273.59,2275.49,2268.9,2268.9
1/6/2017,2271.14,2282.1,2264.06,2276.98
1/5/2017,2268.18,2271.5,2260.45,2269
1/4/2017,2261.6,2272.82,2261.6,2270.75
1/3/2017,2251.57,2263.88,2245.13,2257.83
12/30/2016,2251.61,2253.58,2233.62,2238.83
12/29/2016,2249.5,2254.51,2244.56,2249.26
12/28/2016,2270.23,2271.31,2249.11,2249.92
12/27/2016,2266.23,2273.82,2266.15,2268.88
12/23/2016,2260.25,2263.79,2258.84,2263.79
12/22/2016,2262.93,2263.18,2256.08,2260.96
12/21/2016,2270.54,2271.23,2265.15,2265.18
12/20/2016,2266.5,2272.56,2266.14,2270.76
12/19/2016,2259.24,2267.47,2258.21,2262.53
12/16/2016,2266.81,2268.05,2254.24,2258.07
12/15/2016,2253.77,2272.12,2253.77,2262.03
12/14/2016,2268.35,2276.2,2248.44,2253.28
12/13/2016,2263.32,2277.53,2263.32,2271.72
12/12/2016,2258.83,2264.03,2252.37,2256.96
12/9/2016,2249.73,2259.8,2249.23,2259.53
12/8/2016,2241.13,2251.69,2237.57,2246.19
12/7/2016,2210.72,2241.63,2208.93,2241.35
12/6/2016,2207.26,2212.78,2202.21,2212.23
12/5/2016,2200.65,2209.42,2199.97,2204.71
12/2/2016,2191.12,2197.95,2188.37,2191.95
12/1/2016,2200.17,2202.6,2187.44,2191.08
11/30/2016,2204.97,2214.1,2198.81,2198.81
11/29/2016,2200.76,2210.46,2198.15,2204.66
11/28/2016,2210.21,2211.14,2200.36,2201.72
11/25/2016,2206.27,2213.35,2206.27,2213.35
11/23/2016,2198.55,2204.72,2194.51,2204.72
11/22/2016,2201.56,2204.8,2194.51,2202.94
11/21/2016,2186.43,2198.7,2186.43,2198.18
11/18/2016,2186.85,2189.89,2180.38,2181.9
11/17/2016,2178.61,2188.06,2176.65,2187.12
11/16/2016,2177.53,2179.22,2172.2,2176.94
11/15/2016,2168.29,2180.84,2166.38,2180.39
11/14/2016,2165.64,2171.36,2156.08,2164.2
11/11/2016,2162.71,2165.92,2152.49,2164.45
11/10/2016,2167.49,2182.3,2151.17,2167.48
11/9/2016,2131.56,2170.1,2125.35,2163.26
11/8/2016,2129.92,2146.87,2123.56,2139.56
11/7/2016,2100.59,2132,2100.59,2131.52
11/4/2016,2083.79,2099.07,2083.79,2085.18
11/3/2016,2098.8,2102.56,2085.23,2088.66
11/2/2016,2109.43,2111.76,2094,2097.94
11/1/2016,2128.68,2131.45,2097.85,2111.72
10/31/2016,2129.78,2133.25,2125.53,2126.15
10/28/2016,2132.23,2140.72,2119.36,2126.41
10/27/2016,2144.06,2147.13,2132.52,2133.04
10/26/2016,2136.97,2145.73,2131.59,2139.43
10/25/2016,2149.72,2151.44,2141.93,2143.16
10/24/2016,2148.5,2154.79,2146.91,2151.33
10/21/2016,2139.43,2142.63,2130.09,2141.16
10/20/2016,2142.51,2147.18,2133.44,2141.34
10/19/2016,2140.81,2148.44,2138.15,2144.29
10/18/2016,2138.31,2144.38,2135.49,2139.6
10/17/2016,2132.95,2135.61,2124.43,2126.5
10/14/2016,2139.68,2149.19,2132.98,2132.98
10/13/2016,2130.26,2138.19,2114.74,2132.55
10/12/2016,2137.67,2145.36,2132.77,2139.18
10/11/2016,2161.35,2161.56,2128.84,2136.73
10/10/2016,2160.39,2169.6,2160.39,2163.66
10/7/2016,2164.19,2165.86,2144.85,2153.74
10/6/2016,2158.22,2162.93,2150.28,2160.77
10/5/2016,2155.15,2163.95,2155.15,2159.73
10/4/2016,2163.37,2165.46,2144.01,2150.49
10/3/2016,2164.33,2164.41,2154.77,2161.2
9/30/2016,2156.51,2175.3,2156.51,2168.27
9/29/2016,2168.9,2172.67,2145.2,2151.13
9/28/2016,2161.85,2172.4,2151.79,2171.37
9/27/2016,2146.04,2161.13,2141.55,2159.93
9/26/2016,2158.54,2158.54,2145.04,2146.1
9/23/2016,2173.29,2173.75,2163.97,2164.69
9/22/2016,2170.94,2179.99,2170.94,2177.18
9/21/2016,2144.58,2165.11,2139.57,2163.12
9/20/2016,2145.94,2150.8,2139.17,2139.76
9/19/2016,2143.99,2153.61,2135.91,2139.12
9/16/2016,2146.48,2146.48,2131.2,2139.16
9/15/2016,2125.36,2151.31,2122.36,2147.26
9/14/2016,2127.86,2141.33,2119.9,2125.77
9/13/2016,2150.47,2150.47,2120.27,2127.02
9/12/2016,2120.86,2163.3,2119.12,2159.04
9/9/2016,2169.08,2169.08,2127.81,2127.81
9/8/2016,2182.76,2184.94,2177.49,2181.3
9/7/2016,2185.17,2187.87,2179.07,2186.16
9/6/2016,2181.61,2186.57,2175.1,2186.48
9/2/2016,2177.49,2184.87,2173.59,2179.98
9/1/2016,2171.33,2173.56,2157.09,2170.86
8/31/2016,2173.56,2173.79,2161.35,2170.95
8/30/2016,2179.45,2182.27,2170.41,2176.12
8/29/2016,2170.19,2183.48,2170.19,2180.38
8/26/2016,2175.1,2187.94,2160.39,2169.04
8/25/2016,2173.29,2179,2169.74,2172.47
8/24/2016,2185.09,2186.66,2171.25,2175.44
8/23/2016,2187.81,2193.42,2186.8,2186.9
8/22/2016,2181.58,2185.15,2175.96,2182.64
8/19/2016,2184.24,2185,2175.13,2183.87
8/18/2016,2181.9,2187.03,2180.46,2187.02
8/17/2016,2177.84,2183.08,2168.5,2182.22
8/16/2016,2186.24,2186.24,2178.14,2178.15
8/15/2016,2186.08,2193.81,2186.08,2190.15
8/12/2016,2183.74,2186.28,2179.42,2184.05
8/11/2016,2177.97,2188.45,2177.97,2185.79
8/10/2016,2182.81,2183.41,2172,2175.49
8/9/2016,2182.24,2187.66,2178.61,2181.74
8/8/2016,2183.76,2185.44,2177.85,2180.89
8/5/2016,2168.79,2182.87,2168.79,2182.87
8/4/2016,2163.51,2168.19,2159.07,2164.25
8/3/2016,2156.81,2163.79,2152.56,2163.79
8/2/2016,2169.94,2170.2,2147.58,2157.03
8/1/2016,2173.15,2178.29,2166.21,2170.84
7/29/2016,2168.83,2177.09,2163.49,2173.6
7/28/2016,2166.05,2172.85,2159.74,2170.06
7/27/2016,2169.81,2174.98,2159.07,2166.58
7/26/2016,2168.97,2173.54,2160.18,2169.18
7/25/2016,2173.71,2173.71,2161.95,2168.48
7/22/2016,2166.47,2175.11,2163.24,2175.03
7/21/2016,2172.91,2174.56,2159.75,2165.17
7/20/2016,2166.1,2175.63,2164.89,2173.02
7/19/2016,2163.79,2164.63,2159.01,2163.78
7/18/2016,2162.04,2168.35,2159.63,2166.89
7/15/2016,2165.13,2169.05,2155.79,2161.74
7/14/2016,2157.88,2168.99,2157.88,2163.75
7/13/2016,2153.81,2156.45,2146.21,2152.43
7/12/2016,2139.5,2155.4,2139.5,2152.14
7/11/2016,2131.72,2143.16,2131.72,2137.16
7/8/2016,2106.97,2131.71,2106.97,2129.9
7/7/2016,2100.42,2109.08,2089.39,2097.9
7/6/2016,2084.43,2100.72,2074.02,2099.73
7/5/2016,2095.05,2095.05,2080.86,2088.55
7/1/2016,2099.34,2108.71,2097.9,2102.95
6/30/2016,2073.17,2098.94,2070,2098.86
6/29/2016,2042.69,2073.13,2042.69,2070.77
6/28/2016,2006.67,2036.09,2006.67,2036.09
6/27/2016,2031.45,2031.45,1991.68,2000.54
6/24/2016,2103.81,2103.81,2032.57,2037.41
6/23/2016,2092.8,2113.32,2092.8,2113.32
6/22/2016,2089.75,2099.71,2084.36,2085.45
6/21/2016,2085.19,2093.66,2083.02,2088.9
6/20/2016,2075.58,2100.66,2075.58,2083.25
6/17/2016,2078.2,2078.2,2062.84,2071.22
6/16/2016,2066.36,2079.62,2050.37,2077.99
6/15/2016,2077.6,2085.65,2069.8,2071.5
6/14/2016,2076.65,2081.3,2064.1,2075.32
6/13/2016,2091.75,2098.12,2078.46,2079.06
6/10/2016,2109.57,2109.57,2089.96,2096.07
6/9/2016,2115.65,2117.64,2107.73,2115.48
6/8/2016,2112.71,2120.55,2112.71,2119.12
6/7/2016,2110.18,2119.22,2110.18,2112.13
6/6/2016,2100.83,2113.36,2100.83,2109.41
6/3/2016,2104.07,2104.07,2085.36,2099.13
6/2/2016,2097.71,2105.26,2088.59,2105.26
6/1/2016,2093.94,2100.97,2085.1,2099.33
5/31/2016,2100.13,2103.48,2088.66,2096.96
5/27/2016,2090.06,2099.06,2090.06,2099.06
5/26/2016,2091.44,2094.3,2087.08,2090.1
5/25/2016,2078.93,2094.73,2078.93,2090.54
5/24/2016,2052.65,2079.67,2052.65,2076.06
5/23/2016,2052.23,2055.58,2047.26,2048.04
5/20/2016,2041.88,2058.35,2041.88,2052.32
5/19/2016,2044.21,2044.21,2025.91,2040.04
5/18/2016,2044.38,2060.61,2034.49,2047.63
5/17/2016,2065.04,2065.69,2040.82,2047.21
5/16/2016,2046.53,2071.88,2046.53,2066.66
5/13/2016,2062.5,2066.79,2043.13,2046.61
5/12/2016,2067.17,2073.99,2053.13,2064.11
5/11/2016,2083.29,2083.29,2064.46,2064.46
5/10/2016,2062.63,2084.87,2062.63,2084.39
5/9/2016,2057.55,2064.15,2054.31,2058.69
5/6/2016,2047.77,2057.72,2039.45,2057.14
5/5/2016,2052.95,2060.23,2045.77,2050.63
5/4/2016,2060.3,2060.3,2045.55,2051.12
5/3/2016,2077.18,2077.18,2054.89,2063.37
5/2/2016,2067.17,2083.42,2066.11,2081.43
4/29/2016,2071.82,2073.85,2052.28,2065.3
4/28/2016,2090.93,2099.3,2071.62,2075.81
4/27/2016,2092.33,2099.89,2082.31,2095.15
4/26/2016,2089.84,2096.87,2085.8,2091.7
4/25/2016,2089.37,2089.37,2077.52,2087.79
4/22/2016,2091.49,2094.32,2081.2,2091.58
4/21/2016,2102.09,2103.78,2088.52,2091.48
4/20/2016,2101.52,2111.05,2096.32,2102.4
4/19/2016,2096.05,2104.05,2091.68,2100.8
4/18/2016,2078.83,2094.66,2073.65,2094.34
4/15/2016,2083.1,2083.22,2076.31,2080.73
4/14/2016,2082.89,2087.84,2078.13,2082.78
4/13/2016,2065.92,2083.18,2065.92,2082.42
4/12/2016,2043.72,2065.05,2039.74,2061.72
4/11/2016,2050.23,2062.93,2041.88,2041.99
4/8/2016,2045.54,2060.63,2041.69,2047.6
4/7/2016,2063.01,2063.01,2033.8,2041.91
4/6/2016,2045.56,2067.33,2043.09,2066.66
4/5/2016,2062.5,2062.5,2042.56,2045.17
4/4/2016,2073.19,2074.02,2062.57,2066.13
4/1/2016,2056.62,2075.07,2043.98,2072.78
3/31/2016,2063.77,2067.92,2057.46,2059.74
3/30/2016,2058.27,2072.21,2058.27,2063.95
3/29/2016,2035.75,2055.91,2028.31,2055.01
3/28/2016,2037.89,2042.67,2031.96,2037.05
3/24/2016,2032.48,2036.04,2022.49,2035.94
3/23/2016,2048.55,2048.55,2034.86,2036.71
3/22/2016,2048.64,2056.6,2040.57,2049.8
3/21/2016,2047.88,2053.91,2043.14,2051.6
3/18/2016,2041.16,2052.36,2041.16,2049.58
3/17/2016,2026.9,2046.24,2022.16,2040.59
3/16/2016,2014.24,2032.02,2010.04,2027.22
3/15/2016,2015.27,2015.94,2005.23,2015.93
3/14/2016,2019.27,2024.57,2012.05,2019.64
3/11/2016,1994.71,2022.37,1994.71,2022.19
3/10/2016,1990.97,2005.08,1969.25,1989.57
3/9/2016,1981.44,1992.69,1979.84,1989.26
3/8/2016,1996.88,1996.88,1977.43,1979.26
3/7/2016,1996.11,2006.12,1989.38,2001.76
3/4/2016,1994.01,2009.13,1986.77,1999.99
3/3/2016,1985.6,1993.69,1977.37,1993.4
3/2/2016,1976.6,1986.51,1968.8,1986.45
3/1/2016,1937.09,1978.35,1937.09,1978.35
2/29/2016,1947.13,1958.27,1931.81,1932.23
2/26/2016,1954.95,1962.96,1945.78,1948.05
2/25/2016,1931.87,1951.83,1925.41,1951.7
2/24/2016,1917.56,1932.08,1891,1929.8
2/23/2016,1942.38,1942.38,1919.44,1921.27
2/22/2016,1924.44,1946.7,1924.44,1945.5
2/19/2016,1916.74,1918.78,1902.17,1917.78
2/18/2016,1927.57,1930,1915.09,1917.83
2/17/2016,1898.8,1930.68,1898.8,1926.82
2/16/2016,1871.44,1895.77,1871.44,1895.58
2/12/2016,1833.4,1864.78,1833.4,1864.78
2/11/2016,1847,1847,1810.1,1829.08
2/10/2016,1857.1,1881.6,1850.32,1851.86
2/9/2016,1848.46,1868.25,1834.94,1852.21
2/8/2016,1873.25,1873.25,1828.46,1853.44
2/5/2016,1913.07,1913.07,1872.65,1880.05
2/4/2016,1911.67,1927.35,1900.52,1915.45
2/3/2016,1907.07,1918.01,1872.23,1912.53
2/2/2016,1935.26,1935.26,1897.29,1903.03
2/1/2016,1936.94,1947.2,1920.3,1939.38
1/29/2016,1894,1940.24,1894,1940.24
1/28/2016,1885.22,1902.96,1873.65,1893.36
1/27/2016,1902.52,1916.99,1872.7,1882.95
1/26/2016,1878.79,1906.73,1878.79,1903.63
1/25/2016,1906.28,1906.28,1875.97,1877.08
1/22/2016,1877.4,1908.85,1877.4,1906.9
1/21/2016,1861.46,1889.85,1848.98,1868.99
1/20/2016,1876.18,1876.18,1812.29,1859.33
1/19/2016,1888.66,1901.44,1864.6,1881.33
1/15/2016,1916.68,1916.68,1857.83,1880.33
1/14/2016,1891.68,1934.47,1878.93,1921.84
1/13/2016,1940.34,1950.33,1886.41,1890.28
1/12/2016,1927.83,1947.38,1914.35,1938.68
1/11/2016,1926.12,1935.65,1901.1,1923.67
1/8/2016,1945.97,1960.4,1918.46,1922.03
1/7/2016,1985.32,1985.32,1938.83,1943.09
1/6/2016,2011.71,2011.71,1979.05,1990.26
1/5/2016,2013.78,2021.94,2004.17,2016.71
1/4/2016,2038.2,2038.2,1989.68,2012.66
12/31/2015,2060.59,2062.54,2043.62,2043.94
12/30/2015,2077.34,2077.34,2061.97,2063.36
12/29/2015,2060.54,2081.56,2060.54,2078.36
12/28/2015,2057.77,2057.77,2044.2,2056.5
12/24/2015,2063.52,2067.36,2058.73,2060.99
12/23/2015,2042.2,2064.73,2042.2,2064.29
12/22/2015,2023.15,2042.74,2020.49,2038.97
12/21/2015,2010.27,2022.9,2005.93,2021.15
12/18/2015,2040.81,2040.81,2005.33,2005.55
12/17/2015,2073.76,2076.37,2041.66,2041.89
12/16/2015,2046.5,2076.72,2042.43,2073.07
12/15/2015,2025.55,2053.87,2025.55,2043.41
12/14/2015,2013.37,2022.92,1993.26,2021.94
12/11/2015,2047.27,2047.27,2008.8,2012.37
12/10/2015,2047.93,2067.65,2045.67,2052.23
12/9/2015,2061.17,2080.33,2036.53,2047.62
12/8/2015,2073.39,2073.85,2052.32,2063.59
12/7/2015,2090.42,2090.42,2066.78,2077.07
12/4/2015,2051.24,2093.84,2051.24,2091.69
12/3/2015,2080.71,2085,2042.35,2049.62
12/2/2015,2101.71,2104.27,2077.11,2079.51
12/1/2015,2082.93,2103.37,2082.93,2102.63
11/30/2015,2090.95,2093.81,2080.41,2080.41
11/27/2015,2088.82,2093.29,2084.13,2090.11
11/25/2015,2089.3,2093,2086.3,2088.87
11/24/2015,2084.42,2094.12,2070.29,2089.14
11/23/2015,2089.41,2095.61,2081.39,2086.59
11/20/2015,2082.82,2097.06,2082.82,2089.17
11/19/2015,2083.7,2086.74,2078.76,2081.24
11/18/2015,2051.99,2085.31,2051.99,2083.58
11/17/2015,2053.67,2066.69,2045.9,2050.44
11/16/2015,2022.08,2053.22,2019.39,2053.19
11/13/2015,2044.64,2044.64,2022.02,2023.04
11/12/2015,2072.29,2072.29,2045.66,2045.97
11/11/2015,2083.41,2086.94,2074.85,2075
11/10/2015,2077.19,2083.67,2069.91,2081.72
11/9/2015,2096.56,2096.56,2068.24,2078.58
11/6/2015,2098.6,2101.91,2083.74,2099.2
11/5/2015,2101.68,2108.78,2090.41,2099.93
11/4/2015,2110.6,2114.59,2096.98,2102.31
11/3/2015,2102.63,2116.48,2097.51,2109.79
11/2/2015,2080.76,2106.2,2080.76,2104.05
10/30/2015,2090,2094.32,2079.34,2079.36
10/29/2015,2088.35,2092.52,2082.63,2089.41
10/28/2015,2066.48,2090.35,2063.11,2090.35
10/27/2015,2068.75,2070.37,2058.84,2065.89
10/26/2015,2075.08,2075.14,2066.53,2071.18
10/23/2015,2058.19,2079.74,2058.19,2075.15
10/22/2015,2021.88,2055.2,2021.88,2052.51
10/21/2015,2033.47,2037.97,2017.22,2018.94
10/20/2015,2033.13,2039.12,2026.61,2030.77
10/19/2015,2031.73,2034.45,2022.31,2033.66
10/16/2015,2024.37,2033.54,2020.46,2033.11
10/15/2015,1996.47,2024.15,1996.47,2023.86
10/14/2015,2003.66,2009.56,1990.73,1994.24
10/13/2015,2015,2022.34,2001.78,2003.69
10/12/2015,2015.65,2018.66,2010.55,2017.46
10/9/2015,2013.73,2020.13,2007.61,2014.89
10/8/2015,1994.01,2016.5,1987.53,2013.43
10/7/2015,1982.34,1999.31,1976.44,1995.83
10/6/2015,1986.63,1991.62,1971.99,1979.92
10/5/2015,1954.33,1989.17,1954.33,1987.05
10/2/2015,1921.77,1951.36,1893.7,1951.36
10/1/2015,1919.65,1927.21,1900.7,1923.82
9/30/2015,1887.14,1920.53,1887.14,1920.03
9/29/2015,1881.9,1899.48,1871.91,1884.09
9/28/2015,1929.18,1929.18,1879.21,1881.77
9/25/2015,1935.93,1952.89,1921.5,1931.34
9/24/2015,1934.81,1937.17,1908.92,1932.24
9/23/2015,1943.24,1949.52,1932.57,1938.76
9/22/2015,1961.39,1961.39,1929.22,1942.74
9/21/2015,1960.84,1979.64,1955.8,1966.97
9/18/2015,1989.66,1989.66,1953.45,1958.03
9/17/2015,1995.33,2020.86,1986.73,1990.2
9/16/2015,1978.02,1997.26,1977.93,1995.31
9/15/2015,1955.1,1983.19,1954.3,1978.09
9/14/2015,1963.06,1963.06,1948.27,1953.03
9/11/2015,1951.45,1961.05,1939.19,1961.05
9/10/2015,1941.59,1965.29,1937.19,1952.29
9/9/2015,1971.45,1988.63,1937.88,1942.04
9/8/2015,1927.3,1970.42,1927.3,1969.41
9/4/2015,1947.76,1947.76,1911.21,1921.22
9/3/2015,1950.79,1975.01,1944.72,1951.13
9/2/2015,1916.52,1948.91,1916.52,1948.86
9/1/2015,1970.09,1970.09,1903.07,1913.85
8/31/2015,1986.73,1986.73,1965.98,1972.18
8/28/2015,1986.06,1993.48,1975.19,1988.87
8/27/2015,1942.77,1989.6,1942.77,1987.66
8/26/2015,1872.75,1943.09,1872.75,1940.51
8/25/2015,1898.08,1948.04,1867.08,1867.61
8/24/2015,1965.15,1965.15,1867.01,1893.21
8/21/2015,2034.08,2034.08,1970.89,1970.89
8/20/2015,2076.61,2076.61,2035.73,2035.73
8/19/2015,2095.69,2096.17,2070.53,2079.61
8/18/2015,2101.99,2103.47,2094.14,2096.92
8/17/2015,2089.7,2102.87,2079.3,2102.44
8/14/2015,2083.15,2092.45,2080.61,2091.54
8/13/2015,2086.19,2092.93,2078.26,2083.39
8/12/2015,2081.1,2089.06,2052.09,2086.05
8/11/2015,2102.66,2102.66,2076.49,2084.07
8/10/2015,2080.98,2105.35,2080.98,2104.18
8/7/2015,2082.61,2082.61,2067.91,2077.57
8/6/2015,2100.75,2103.32,2075.53,2083.56
8/5/2015,2095.27,2112.66,2095.27,2099.84
8/4/2015,2097.68,2102.51,2088.6,2093.32
8/3/2015,2104.49,2105.7,2087.31,2098.04
7/31/2015,2111.6,2114.24,2102.07,2103.84
7/30/2015,2106.78,2110.48,2094.97,2108.63
7/29/2015,2094.7,2110.6,2094.08,2108.57
7/28/2015,2070.75,2095.6,2069.09,2093.25
7/27/2015,2078.19,2078.19,2063.52,2067.64
7/24/2015,2102.24,2106.01,2077.09,2079.65
7/23/2015,2114.16,2116.87,2098.63,2102.15
7/22/2015,2118.21,2118.51,2110,2114.15
7/21/2015,2127.55,2128.49,2115.4,2119.21
7/20/2015,2126.85,2132.82,2123.65,2128.28
7/17/2015,2126.8,2128.91,2119.88,2126.64
7/16/2015,2110.55,2124.42,2110.55,2124.29
7/15/2015,2109.01,2114.14,2102.49,2107.4
7/14/2015,2099.72,2111.98,2098.18,2108.95
7/13/2015,2080.03,2100.67,2080.03,2099.6
7/10/2015,2052.74,2081.31,2052.74,2076.62
7/9/2015,2049.73,2074.28,2049.73,2051.31
7/8/2015,2077.66,2077.66,2044.66,2046.68
7/7/2015,2069.52,2083.74,2044.02,2081.34
7/6/2015,2073.95,2078.61,2058.4,2068.76
7/2/2015,2078.03,2085.06,2071.02,2076.78
7/1/2015,2067,2082.78,2067,2077.42
6/30/2015,2061.19,2074.28,2056.32,2063.11
6/29/2015,2098.63,2098.63,2056.64,2057.64
6/26/2015,2102.62,2108.92,2095.38,2101.49
6/25/2015,2109.96,2116.04,2101.78,2102.31
6/24/2015,2123.65,2125.1,2108.58,2108.58
6/23/2015,2123.16,2128.03,2119.89,2124.2
6/22/2015,2112.5,2129.87,2112.5,2122.85
6/19/2015,2121.06,2121.64,2109.45,2109.99
6/18/2015,2101.58,2126.65,2101.58,2121.24
6/17/2015,2097.4,2106.79,2088.86,2100.44
6/16/2015,2084.26,2097.4,2082.1,2096.29
6/15/2015,2091.34,2091.34,2072.49,2084.43
6/12/2015,2107.43,2107.43,2091.33,2094.11
6/11/2015,2106.24,2115.02,2106.24,2108.86
6/10/2015,2081.12,2108.5,2081.12,2105.2
6/9/2015,2079.07,2085.62,2072.14,2080.15
6/8/2015,2092.34,2093.01,2079.11,2079.28
6/5/2015,2095.09,2100.99,2085.67,2092.83
6/4/2015,2112.35,2112.89,2093.23,2095.84
6/3/2015,2110.64,2121.92,2109.61,2114.07
6/2/2015,2110.41,2117.59,2099.14,2109.6
6/1/2015,2108.64,2119.15,2102.54,2111.73
5/29/2015,2120.66,2120.66,2104.89,2107.39
5/28/2015,2122.27,2122.27,2112.86,2120.79
5/27/2015,2105.13,2126.22,2105.13,2123.48
5/26/2015,2125.34,2125.34,2099.18,2104.2
5/22/2015,2130.36,2132.15,2126.06,2126.06
5/21/2015,2125.55,2134.28,2122.95,2130.82
5/20/2015,2127.79,2134.72,2122.59,2125.85
5/19/2015,2129.45,2133.02,2124.5,2127.83
5/18/2015,2121.3,2131.78,2120.01,2129.2
5/15/2015,2122.07,2123.89,2116.79,2122.73
5/14/2015,2100.43,2121.45,2100.43,2121.1
5/13/2015,2099.62,2110.19,2096.04,2098.48
5/12/2015,2102.87,2105.06,2085.57,2099.12
5/11/2015,2115.56,2117.69,2104.58,2105.33
5/8/2015,2092.13,2117.66,2092.13,2116.1
5/7/2015,2079.96,2092.9,2074.99,2088
5/6/2015,2091.26,2098.42,2067.93,2080.15
5/5/2015,2112.63,2115.24,2088.46,2089.46
5/4/2015,2110.23,2120.95,2110.23,2114.49
5/1/2015,2087.38,2108.41,2087.38,2108.29
4/30/2015,2105.52,2105.52,2077.59,2085.51
4/29/2015,2112.49,2113.65,2097.41,2106.85
4/28/2015,2108.35,2116.09,2094.89,2114.76
4/27/2015,2119.29,2125.92,2107.04,2108.92
4/24/2015,2112.8,2120.92,2112.8,2117.69
4/23/2015,2107.21,2120.49,2103.19,2112.93
4/22/2015,2098.27,2109.98,2091.05,2107.96
4/21/2015,2102.82,2109.64,2094.38,2097.29
4/20/2015,2084.11,2103.94,2084.11,2100.4
4/17/2015,2102.58,2102.58,2072.37,2081.18
4/16/2015,2105.96,2111.3,2100.02,2104.99
4/15/2015,2097.82,2111.91,2097.82,2106.63
4/14/2015,2092.28,2098.62,2083.24,2095.84
4/13/2015,2102.03,2107.65,2092.33,2092.43
4/10/2015,2091.51,2102.61,2091.51,2102.06
4/9/2015,2081.29,2093.31,2074.29,2091.18
4/8/2015,2076.94,2086.69,2073.3,2081.9
4/7/2015,2080.79,2089.81,2076.1,2076.33
4/6/2015,2064.87,2086.99,2056.52,2080.62
4/2/2015,2060.03,2072.17,2057.32,2066.96
4/1/2015,2067.63,2067.63,2048.38,2059.69
3/31/2015,2084.05,2084.05,2067.04,2067.89
3/30/2015,2064.11,2088.97,2064.11,2086.24
3/27/2015,2055.78,2062.83,2052.96,2061.02
3/26/2015,2059.94,2067.15,2045.5,2056.15
3/25/2015,2093.1,2097.43,2061.05,2061.05
3/24/2015,2103.94,2107.63,2091.5,2091.5
3/23/2015,2107.99,2114.86,2104.42,2104.42
3/20/2015,2090.32,2113.92,2090.32,2108.1
3/19/2015,2098.69,2098.69,2085.56,2089.27
3/18/2015,2072.84,2106.85,2061.23,2099.5
3/17/2015,2080.59,2080.59,2065.08,2074.28
3/16/2015,2055.35,2081.41,2055.35,2081.19
3/13/2015,2064.56,2064.56,2041.17,2053.4
3/12/2015,2041.1,2066.41,2041.1,2065.95
3/11/2015,2044.69,2050.08,2039.69,2040.24
3/10/2015,2076.14,2076.14,2044.16,2044.16
3/9/2015,2072.25,2083.49,2072.21,2079.43
3/6/2015,2100.91,2100.91,2067.27,2071.26
3/5/2015,2098.54,2104.25,2095.22,2101.04
3/4/2015,2107.72,2107.72,2087.62,2098.53
3/3/2015,2115.76,2115.76,2098.26,2107.78
3/2/2015,2105.23,2117.52,2104.5,2117.39
2/27/2015,2110.88,2112.74,2103.75,2104.5
2/26/2015,2113.91,2113.91,2103.76,2110.74
2/25/2015,2115.3,2119.59,2109.89,2113.86
2/24/2015,2109.1,2117.94,2105.87,2115.48
2/23/2015,2109.83,2110.05,2103,2109.66
2/20/2015,2097.65,2110.61,2085.44,2110.3
2/19/2015,2099.25,2102.13,2090.79,2097.45
2/18/2015,2099.16,2100.23,2092.15,2099.68
2/17/2015,2096.47,2101.3,2089.8,2100.34
2/13/2015,2088.78,2097.03,2086.7,2096.99
2/12/2015,2069.98,2088.53,2069.98,2088.48
2/11/2015,2068.55,2073.48,2057.99,2068.53
2/10/2015,2049.38,2070.86,2048.62,2068.59
2/9/2015,2053.47,2056.16,2041.88,2046.74
2/6/2015,2062.28,2072.4,2049.97,2055.47
2/5/2015,2043.45,2063.55,2043.45,2062.52
2/4/2015,2048.86,2054.74,2036.72,2041.51
2/3/2015,2022.71,2050.3,2022.71,2050.03
2/2/2015,1996.67,2021.66,1980.9,2020.85
1/30/2015,2019.35,2023.32,1993.38,1994.99
1/29/2015,2002.45,2024.64,1989.18,2021.25
1/28/2015,2032.34,2042.49,2001.49,2002.16
1/27/2015,2047.86,2047.86,2019.91,2029.55
1/26/2015,2050.42,2057.62,2040.97,2057.09
1/23/2015,2062.98,2062.98,2050.54,2051.82
1/22/2015,2034.3,2064.62,2026.38,2063.15
1/21/2015,2020.19,2038.29,2012.04,2032.12
1/20/2015,2020.76,2028.94,2004.49,2022.55
1/16/2015,1992.25,2020.46,1988.12,2019.42
1/15/2015,2013.75,2021.35,1991.47,1992.67
1/14/2015,2018.4,2018.4,1988.44,2011.27
1/13/2015,2031.58,2056.93,2008.25,2023.03
1/12/2015,2046.13,2049.3,2022.58,2028.26
1/9/2015,2063.45,2064.43,2038.33,2044.81
1/8/2015,2030.61,2064.08,2030.61,2062.14
1/7/2015,2005.55,2029.61,2005.55,2025.9
1/6/2015,2022.15,2030.25,1992.44,2002.61
1/5/2015,2054.44,2054.44,2017.34,2020.58
1/2/2015,2058.9,2072.36,2046.04,2058.2
12/31/2014,2082.11,2085.58,2057.94,2058.9
12/30/2014,2088.49,2088.49,2079.53,2080.35
12/29/2014,2087.63,2093.55,2085.75,2090.57
12/26/2014,2084.3,2092.7,2084.3,2088.77
12/24/2014,2083.25,2087.56,2081.86,2081.88
12/23/2014,2081.48,2086.73,2079.77,2082.17
12/22/2014,2069.28,2078.76,2069.28,2078.54
12/19/2014,2061.04,2077.85,2061.03,2070.65
12/18/2014,2018.98,2061.23,2018.98,2061.23
12/17/2014,1973.77,2016.75,1973.77,2012.89
12/16/2014,1986.71,2016.89,1972.56,1972.74
12/15/2014,2005.03,2018.69,1982.26,1989.63
12/12/2014,2030.36,2032.25,2002.33,2002.33
12/11/2014,2027.92,2055.53,2027.92,2035.33
12/10/2014,2058.86,2058.86,2024.26,2026.14
12/9/2014,2056.55,2060.6,2034.17,2059.82
12/8/2014,2074.84,2075.78,2054.27,2060.31
12/5/2014,2072.78,2079.47,2070.81,2075.37
12/4/2014,2073.64,2077.34,2062.34,2071.92
12/3/2014,2067.45,2076.28,2066.65,2074.33
12/2/2014,2053.77,2068.77,2053.77,2066.55
12/1/2014,2065.78,2065.78,2049.57,2053.44
11/28/2014,2074.78,2075.76,2065.06,2067.56
11/26/2014,2067.36,2073.29,2066.62,2072.83
11/25/2014,2070.15,2074.21,2064.75,2067.03
11/24/2014,2065.07,2070.17,2065.07,2069.41
11/21/2014,2057.46,2071.46,2056.75,2063.5
11/20/2014,2045.87,2053.84,2040.49,2052.75
11/19/2014,2051.16,2052.14,2040.37,2048.72
11/18/2014,2041.48,2056.08,2041.48,2051.8
11/17/2014,2038.29,2043.07,2034.46,2041.32
11/14/2014,2039.74,2042.22,2035.2,2039.82
11/13/2014,2039.21,2046.18,2030.44,2039.33
11/12/2014,2037.75,2040.33,2031.95,2038.25
11/11/2014,2038.2,2041.28,2035.28,2039.68
11/10/2014,2032.01,2038.7,2030.17,2038.26
11/7/2014,2032.36,2034.26,2025.07,2031.92
11/6/2014,2023.33,2031.61,2015.86,2031.21
11/5/2014,2015.29,2023.77,2014.42,2023.57
11/4/2014,2015.81,2015.98,2001.01,2012.1
11/3/2014,2018.21,2024.46,2013.68,2017.81
10/31/2014,2001.2,2018.19,2001.2,2018.05
10/30/2014,1979.49,1999.4,1974.75,1994.65
10/29/2014,1983.29,1991.4,1969.04,1982.3
10/28/2014,1964.14,1985.05,1964.14,1985.05
10/27/2014,1962.97,1964.64,1951.37,1961.63
10/24/2014,1951.59,1965.27,1946.27,1964.58
10/23/2014,1931.02,1961.95,1931.02,1950.82
10/22/2014,1941.29,1949.31,1926.83,1927.11
10/21/2014,1909.38,1942.45,1909.38,1941.28
10/20/2014,1885.62,1905.03,1882.3,1904.01
10/17/2014,1864.91,1898.16,1864.91,1886.76
10/16/2014,1855.95,1876.01,1835.02,1862.76
10/15/2014,1874.18,1874.18,1820.66,1862.49
10/14/2014,1877.11,1898.71,1871.79,1877.7
10/13/2014,1905.65,1912.09,1874.14,1874.74
10/10/2014,1925.63,1936.98,1906.05,1906.13
10/9/2014,1967.68,1967.68,1927.56,1928.21
10/8/2014,1935.55,1970.36,1925.25,1968.89
10/7/2014,1962.36,1962.36,1934.87,1935.1
10/6/2014,1970.01,1977.84,1958.43,1964.82
10/3/2014,1948.12,1971.19,1948.12,1967.9
10/2/2014,1945.83,1952.32,1926.03,1946.17
10/1/2014,1971.44,1971.44,1941.72,1946.16
9/30/2014,1978.21,1985.17,1968.96,1972.29
9/29/2014,1978.96,1981.28,1964.04,1977.8
9/26/2014,1966.22,1986.37,1966.22,1982.85
9/25/2014,1997.32,1997.32,1965.99,1965.99
9/24/2014,1983.34,1999.79,1978.63,1998.3
9/23/2014,1992.78,1995.41,1982.77,1982.77
9/22/2014,2009.08,2009.08,1991.01,1994.29
9/19/2014,2012.74,2019.26,2006.59,2010.4
9/18/2014,2003.07,2012.34,2003.07,2011.36
9/17/2014,1999.3,2010.74,1993.29,2001.57
9/16/2014,1981.93,2002.28,1979.06,1998.98
9/15/2014,1986.04,1987.18,1978.48,1984.13
9/12/2014,1996.74,1996.74,1980.26,1985.54
9/11/2014,1992.85,1997.65,1985.93,1997.45
9/10/2014,1988.41,1996.66,1982.99,1995.69
9/9/2014,2000.73,2001.01,1984.61,1988.44
9/8/2014,2007.17,2007.17,1995.6,2001.54
9/5/2014,1998,2007.71,1990.1,2007.71
9/4/2014,2001.67,2011.17,1992.54,1997.65
9/3/2014,2003.57,2009.28,1998.14,2000.72
9/2/2014,2004.07,2006.12,1994.85,2002.28
8/29/2014,1998.45,2003.38,1994.65,2003.37
8/28/2014,1997.42,1998.55,1990.52,1996.74
8/27/2014,2000.54,2002.14,1996.2,2000.12
8/26/2014,1998.59,2005.04,1998.59,2000.02
8/25/2014,1991.74,2001.95,1991.74,1997.92
8/22/2014,1992.6,1993.54,1984.76,1988.4
8/21/2014,1986.82,1994.76,1986.82,1992.37
8/20/2014,1980.46,1988.57,1977.68,1986.51
8/19/2014,1972.73,1982.57,1972.73,1981.6
8/18/2014,1958.36,1971.99,1958.36,1971.74
8/15/2014,1958.87,1964.04,1941.5,1955.06
8/14/2014,1947.41,1955.23,1947.41,1955.18
8/13/2014,1935.6,1948.41,1935.6,1946.72
8/12/2014,1935.73,1939.65,1928.29,1933.75
8/11/2014,1933.43,1944.9,1933.43,1936.92
8/8/2014,1910.35,1932.38,1909.01,1931.59
8/7/2014,1923.03,1928.89,1904.78,1909.57
8/6/2014,1917.29,1927.91,1911.45,1920.24
8/5/2014,1936.34,1936.34,1913.77,1920.21
8/4/2014,1926.62,1942.92,1921.2,1938.99
8/1/2014,1929.8,1937.35,1916.37,1925.15
7/31/2014,1965.14,1965.14,1930.67,1930.67
7/30/2014,1973.21,1978.9,1962.42,1970.07
7/29/2014,1980.03,1984.85,1969.95,1969.95
7/28/2014,1978.25,1981.52,1967.31,1978.91
7/25/2014,1984.6,1984.6,1974.37,1978.34
7/24/2014,1988.07,1991.39,1985.79,1987.98
7/23/2014,1985.32,1989.23,1982.44,1987.01
7/22/2014,1975.65,1986.24,1975.65,1983.53
7/21/2014,1976.93,1976.93,1965.77,1973.63
7/18/2014,1961.54,1979.91,1960.82,1978.22
7/17/2014,1979.75,1981.8,1955.59,1958.12
7/16/2014,1976.35,1983.94,1975.67,1981.57
7/15/2014,1977.36,1982.52,1965.34,1973.28
7/14/2014,1969.86,1979.85,1969.86,1977.1
7/11/2014,1965.76,1968.67,1959.63,1967.57
7/10/2014,1966.67,1969.84,1952.86,1964.68
7/9/2014,1965.1,1974.15,1965.1,1972.83
7/8/2014,1976.39,1976.39,1959.46,1963.71
7/7/2014,1984.22,1984.22,1974.88,1977.65
7/3/2014,1975.88,1985.59,1975.88,1985.44
7/2/2014,1973.06,1976.67,1972.58,1974.62
7/1/2014,1962.29,1978.58,1962.29,1973.32
6/30/2014,1960.79,1964.24,1958.22,1960.23
6/27/2014,1956.56,1961.47,1952.18,1960.96
6/26/2014,1959.89,1959.89,1944.69,1957.22
6/25/2014,1949.27,1960.83,1947.49,1959.53
6/24/2014,1961.97,1968.17,1948.34,1949.98
6/23/2014,1962.92,1963.74,1958.89,1962.61
6/20/2014,1960.45,1963.91,1959.17,1962.87
6/19/2014,1957.5,1959.87,1952.26,1959.48
6/18/2014,1942.73,1957.74,1939.29,1956.98
6/17/2014,1937.15,1943.69,1933.55,1941.99
6/16/2014,1934.84,1941.15,1930.91,1937.78
6/13/2014,1930.8,1937.3,1927.69,1936.16
6/12/2014,1943.35,1943.35,1925.78,1930.11
6/11/2014,1949.37,1949.37,1940.08,1943.89
6/10/2014,1950.34,1950.86,1944.64,1950.79
6/9/2014,1948.97,1955.55,1947.16,1951.27
6/6/2014,1942.41,1949.44,1942.41,1949.44
6/5/2014,1928.52,1941.74,1922.93,1940.46
6/4/2014,1923.06,1928.63,1918.6,1927.88
6/3/2014,1923.07,1925.07,1918.79,1924.24
6/2/2014,1923.87,1925.88,1915.98,1924.97
5/30/2014,1920.33,1924.03,1916.64,1923.57
5/29/2014,1910.6,1920.03,1909.82,1920.03
5/28/2014,1911.77,1914.46,1907.3,1909.78
5/27/2014,1902.01,1912.28,1902.01,1911.91
5/23/2014,1893.32,1901.26,1893.32,1900.53
5/22/2014,1888.19,1896.33,1885.39,1892.49
5/21/2014,1873.34,1888.8,1873.34,1888.03
5/20/2014,1884.88,1884.88,1868.14,1872.83
5/19/2014,1876.66,1886,1872.42,1885.08
5/16/2014,1871.19,1878.28,1864.82,1877.86
5/15/2014,1888.16,1888.16,1862.36,1870.85
5/14/2014,1897.13,1897.13,1885.77,1888.53
5/13/2014,1896.75,1902.17,1896.06,1897.45
5/12/2014,1880.03,1897.13,1880.03,1896.65
5/9/2014,1875.27,1878.57,1867.02,1878.48
5/8/2014,1877.39,1889.07,1870.05,1875.63
5/7/2014,1868.53,1878.83,1859.79,1878.21
5/6/2014,1883.69,1883.69,1867.72,1867.72
5/5/2014,1879.45,1885.51,1866.77,1884.66
5/2/2014,1885.3,1891.33,1878.5,1881.14
5/1/2014,1884.39,1888.59,1878.04,1883.68
4/30/2014,1877.1,1885.2,1872.69,1883.95
4/29/2014,1870.78,1880.6,1870.78,1878.33
4/28/2014,1865,1877.01,1850.61,1869.43
4/25/2014,1877.72,1877.72,1859.7,1863.4
4/24/2014,1881.97,1884.06,1870.24,1878.61
4/23/2014,1879.32,1879.75,1873.91,1875.39
4/22/2014,1872.57,1884.89,1872.57,1879.55
4/21/2014,1865.79,1871.89,1863.18,1871.89
4/17/2014,1861.73,1869.63,1856.72,1864.85
4/16/2014,1846.01,1862.31,1846.01,1862.31
4/15/2014,1831.45,1844.02,1816.29,1842.98
4/14/2014,1818.18,1834.19,1815.8,1830.61
4/11/2014,1830.65,1835.07,1814.36,1815.69
4/10/2014,1872.28,1872.53,1830.87,1833.08
4/9/2014,1852.64,1872.43,1852.38,1872.18
4/8/2014,1845.48,1854.95,1837.49,1851.96
4/7/2014,1863.92,1864.04,1841.48,1845.04
4/4/2014,1890.25,1897.28,1863.26,1865.09
4/3/2014,1891.43,1893.8,1882.65,1888.77
4/2/2014,1886.61,1893.17,1883.79,1890.9
4/1/2014,1873.96,1885.84,1873.96,1885.52
3/31/2014,1859.16,1875.18,1859.16,1872.34
3/28/2014,1850.07,1866.63,1850.07,1857.62
3/27/2014,1852.11,1855.55,1842.11,1849.04
3/26/2014,1867.09,1875.92,1852.56,1852.56
3/25/2014,1859.48,1871.87,1855.96,1865.62
3/24/2014,1867.67,1873.34,1849.69,1857.44
3/21/2014,1874.53,1883.97,1863.46,1866.52
3/20/2014,1860.09,1873.49,1854.63,1872.01
3/19/2014,1872.25,1874.14,1850.35,1860.77
3/18/2014,1858.92,1873.76,1858.92,1872.25
3/17/2014,1842.81,1862.3,1842.81,1858.83
3/14/2014,1845.07,1852.44,1839.57,1841.13
3/13/2014,1869.06,1874.4,1841.86,1846.34
3/12/2014,1866.15,1868.38,1854.38,1868.2
3/11/2014,1878.26,1882.35,1863.88,1867.63
3/10/2014,1877.86,1877.87,1867.04,1877.17
3/7/2014,1878.52,1883.57,1870.56,1878.04
3/6/2014,1874.18,1881.94,1874.18,1877.03
3/5/2014,1874.05,1876.53,1871.11,1873.81
3/4/2014,1849.23,1876.23,1849.23,1873.91
3/3/2014,1857.68,1857.68,1834.44,1845.73
2/28/2014,1855.12,1867.92,1847.67,1859.45
2/27/2014,1844.9,1854.53,1841.13,1854.29
2/26/2014,1845.79,1852.65,1840.66,1845.16
2/25/2014,1847.66,1852.91,1840.19,1845.12
2/24/2014,1836.78,1858.71,1836.78,1847.61
2/21/2014,1841.07,1846.13,1835.6,1836.25
2/20/2014,1829.24,1842.79,1824.58,1839.78
2/19/2014,1838.9,1847.5,1826.99,1828.75
2/18/2014,1839.03,1842.87,1835.01,1840.76
2/14/2014,1828.46,1841.65,1825.59,1838.63
2/13/2014,1814.82,1830.25,1809.22,1829.83
2/12/2014,1820.12,1826.55,1815.97,1819.26
2/11/2014,1800.45,1823.54,1800.41,1819.75
2/10/2014,1796.2,1799.94,1791.83,1799.84
2/7/2014,1776.01,1798.03,1776.01,1797.02
2/6/2014,1752.99,1774.06,1752.99,1773.43
2/5/2014,1753.38,1755.79,1737.92,1751.64
2/4/2014,1743.82,1758.73,1743.82,1755.2
2/3/2014,1782.68,1784.83,1739.66,1741.89
1/31/2014,1790.88,1793.88,1772.26,1782.59
1/30/2014,1777.17,1798.77,1777.17,1794.19
1/29/2014,1790.15,1790.15,1770.45,1774.2
1/28/2014,1783,1793.87,1779.49,1792.5
1/27/2014,1791.03,1795.98,1772.88,1781.56
1/24/2014,1826.96,1826.96,1790.29,1790.29
1/23/2014,1842.29,1842.29,1820.06,1828.46
1/22/2014,1844.71,1846.87,1840.88,1844.86
1/21/2014,1841.05,1849.31,1832.38,1843.8
1/17/2014,1844.23,1846.04,1835.23,1838.7
1/16/2014,1847.99,1847.99,1840.3,1845.89
1/15/2014,1840.52,1850.84,1840.52,1848.38
1/14/2014,1821.36,1839.26,1821.36,1838.88
1/13/2014,1841.26,1843.45,1815.52,1819.2
1/10/2014,1840.06,1843.15,1832.43,1842.37
1/9/2014,1839,1843.23,1830.38,1838.13
1/8/2014,1837.9,1840.02,1831.4,1837.49
1/7/2014,1828.71,1840.1,1828.71,1837.88
1/6/2014,1832.31,1837.16,1823.73,1826.77
1/3/2014,1833.21,1838.24,1829.13,1831.37
1/2/2014,1845.86,1845.86,1827.74,1831.98
